"","y","X1","X2","X3","X4","X5","X6","X7","X8","X9","X10","X11","X12","X13","X14","X15","X16","X17","X18","X19","X20","X21","X22","X23","X24","X25","X26","X27","X28","X29","X30","X31","X32","X33","X34","X35","X36","X37","X38","X39","X40","X41","X42","X43","X44","X45","X46","X47","X48","X49","X50"
"1",-0.730053946042193,0.305303856821837,0.176706003023454,-1.49079520220055,0.316289364882145,0.761901467683757,-1.36303702945351,-1.56799853108527,2.11210285668724,-0.834987451211629,-0.631111522206521,1.93259866258875,1.02575617139761,-0.239656936576723,-1.45188916471389,-0.853009541211717,-0.0966871362088203,0.786888532410747,-0.0265445210142652,1.28564769800581,0.463877059430391,-0.549862797536493,0.757308505810279,-0.150049065867281,0.120408835838549,-0.244108088060034,-1.05981233873553,0.84911025699233,1.12219962190954,0.835607165427235,-1.0663823896879,0.631266262714765,-0.148738513488267,-0.0858900408734315,-0.327641754206664,-0.524163099626222,-0.230215169448222,-0.413606979573661,-1.82505862769964,-0.231105220449876,0.136258598432053,-0.961198419247768,-1.20290497881255,0.646336030852452,0.710029032829627,-0.816568337341624,0.216513106142304,-1.44053904572282,-0.327324606107657,-1.30831060565656,1.69648502862512
"2",0.316402756880857,0.416485136149292,-1.18810140989402,-0.625357161747649,-0.211695386398631,0.0556733392773244,-2.32402742584372,0.209130897732142,1.82668424185123,-0.23744902039228,-2.53528351419883,0.274243783712431,0.347564577226246,0.970277750931807,-0.0611106629995086,0.843680406208906,-0.571914471251269,1.35104811334026,1.24348133383222,-0.308406894864152,0.408873432544832,1.13054710820712,1.08874888693683,-0.0529508058314968,0.140201780551995,-1.56696839335842,0.498129925203775,0.0645366970087615,-0.0944303367761625,0.857100265179696,0.332224914979212,-0.730330019509572,-1.50875481011593,0.227443953270178,0.825458337779424,1.82668044057177,-0.562902041938123,0.0260320746802435,-1.21100509031482,-0.122927612509453,1.20181081880673,-0.162273815593459,0.74330262967522,0.0927669140261547,0.676162205899322,-0.0351930542031004,-2.0692358599894,0.69049367873918,-1.48545911370932,0.473670157053302,0.0792035842987378
"3",0.153705741282853,-0.31801444971033,0.372992732518305,0.310757953047106,-0.675631869742383,0.374169165972715,0.386149845213218,-0.441256321665989,-0.271850006303478,0.511557961690711,0.288865584449624,-0.696982907710224,1.88084239966939,0.0634420145708227,-0.616075150510979,1.03306388590291,0.556804502881122,-0.560936878541396,1.87901259522393,1.31148863574556,-0.0237254673806875,-0.518515646618902,0.665905123077858,0.179285448153337,-0.00207634562492871,0.730433096245009,0.0973458469145417,-0.0771856935311195,0.109902627215951,-0.140602114630618,-0.0818009394296327,-0.386009666030081,0.751135528495452,-0.649247459902069,1.01273616455911,0.0243789042987115,-0.690973827782054,0.810663586957102,-0.529984785605881,0.513320781208394,1.39615808342816,0.175640632001061,1.14682245691438,1.41228041346289,-2.03730028700015,-0.464623258559847,0.832181035270907,-1.09951436419393,-0.781728230333863,-1.15798282386077,0.919838412459192
"4",-2.4985464734644,-0.626783032986659,-1.35475998450261,1.18472761683219,1.01397375480355,-1.07723607705664,-0.920147047198406,-0.63118702608811,0.232874381020056,0.726426030485097,1.01552950729565,-0.616401829570925,-0.778013535499462,0.273404173087959,-0.472966829810734,1.22847723724425,1.26582965200167,-1.11159013187694,-2.19409710457345,-0.656595550891806,0.873093521982258,1.15290171977579,-0.447761756804031,-0.0811760933310567,0.209383589909026,0.162396603727291,-1.54156709214006,0.0123835605859153,1.04319461191705,1.08772644177138,0.248698987054832,0.0507216345916388,1.11042352766058,1.09628304759712,0.220682516722948,-0.246738733769947,1.91509300147251,1.17580610885859,-0.126028165125955,0.159462566718327,0.463535929586408,-0.613209254484325,-0.260942772460593,0.132343782011981,-1.17887368794175,0.232985441761123,-0.617128124734218,-1.397585591708,0.859308129245567,0.596262993687166,1.2850849409625
"5",-1.55100478180734,0.323567133900273,0.0947857454497167,0.941240890020638,-0.342805721560313,-0.643270116694618,2.99933235238346,-0.122138777244687,-1.52914130292782,0.538027667929455,0.0732082043414755,-0.203544307683493,1.47183882035376,1.17749432286286,-0.0563333091270855,1.06118946020481,-1.12538736704555,-0.756453012052285,0.124799560132688,1.45998161569649,0.0959317906150945,1.46094714625895,-0.484195132751306,0.813651768095457,1.99934636835151,-0.28208598253974,-0.944191402292501,-0.298025363650779,-1.13460097108547,-0.587389615034606,1.61753244156021,1.28801723341408,0.256790059053204,0.989775770485001,-0.287027966589689,0.266333003267556,1.48066646100922,0.672329870739406,-0.00280952516641107,0.00680961366160538,0.340054217670682,-0.925562164355596,0.474485503690751,-1.39318898491076,0.051118862570159,0.950564200117249,0.455822657087861,1.40145353693848,0.693462510063569,0.428126164357217,2.58960081358204
"6",-0.897976146449858,-1.85080838407203,-0.574819763559871,0.162411491374694,-0.182420130738017,0.987856500347307,-0.208525765313703,-1.26517998056587,-0.248976538877165,1.15669382336662,-0.312538483540172,-1.77720316952125,1.22499885360591,0.859961220981133,1.46702069562864,-0.0828653183015628,-1.78308980984738,1.12510580223635,-2.37751555757025,0.995029381325718,1.10221785751059,0.0932359358652364,1.87988132757785,0.256276940324713,-1.09834338231676,0.0340493797577541,0.409016681169863,0.0499357524436595,2.36679842026427,-1.12070080895136,-1.65089067840043,1.12854349747461,2.17031156217665,0.792997473995453,-0.879258769266854,0.366245344361595,0.131444318958948,0.402808541742136,1.55549830216551,-0.336696186086852,1.65169172532478,0.136114292055189,0.445173977751177,-0.806057988519807,-0.876284428147854,-0.913044869486756,0.394071320802375,-1.58944636900673,-0.939649867896724,-0.687380707959533,-0.0931273510935917
"7",-1.13747990217789,0.345286363870202,-0.352872679527263,-1.81853619953018,1.00914822341645,-0.0424624150764091,0.143509120397164,0.0794467783890558,0.719618512220049,1.23325802497203,1.18559310935316,0.11729015107671,0.332398338322898,0.378718244885373,0.0437745347232465,0.582976263186622,-0.661256219990863,0.496195613326466,-0.635874064521948,-0.912272189634077,-1.49334470533215,1.97640313787677,0.617836942343876,0.968379881275712,-0.0420246776082764,0.102525616263342,-0.0854789326832594,1.43952425220246,-1.58640365107575,1.20803739871339,-1.19043070571985,-0.547506919808917,1.24084322332492,-0.404316963648972,0.163924968003974,0.772890925941175,-2.24053883534978,0.257263061721369,-0.620127946387374,0.620030014186689,-1.04828132329328,0.78439879298522,-2.21661344583774,-0.958754481930216,0.848481983725637,1.35725753220784,-0.840309821118205,0.40827190385707,0.482364941067085,-1.01390304836534,-0.159231893362536
"8",-0.0206671883629408,-0.467719460295757,1.49408207247315,0.741634519049682,0.132573490957209,-0.437319819808086,0.745616304642245,-0.364485322633455,-0.577679516235901,-1.68112584784607,-1.77628380273996,-0.878004044263927,1.44018986315966,-0.353426118698621,-2.34311276402092,-0.198071433018934,1.43796214210208,-0.462089366354223,-0.230891138877774,-0.599429443071675,-3.01274578128459,-1.19563609485756,0.185649386200063,0.704619777932247,0.0439277586504,0.123412687579597,-0.512220952370397,-0.158796126008076,0.476789476898478,-0.152640864149536,1.9219556563636,-0.448349772166536,1.25763084199497,0.782494541314257,0.698758577775854,0.227643720974126,0.134336894638438,-0.220400691765341,1.09758455268236,-0.205016301068185,-1.6991474775556,-0.876763535190478,1.32139552491524,-0.962734032157112,0.684914782888472,-1.74804746774427,1.1426368091733,0.0591187379750319,0.702215693321626,1.08523207799958,-0.00408852328052386
"9",-1.02468581665493,-0.47487422673013,-0.487783401796215,0.153715569777139,-0.560808586772235,-1.30638141566993,-2.03206557653322,0.91658568007335,0.258192078118649,1.20905803825853,-0.121907103557219,0.887780565049518,-1.80153061250932,1.39594754809078,1.86591562028497,-0.222794896113605,-0.181687118324686,0.108359169070358,-0.7738604133621,0.559075570228576,-0.412582187587718,-1.13780720511539,-0.522034685091327,1.4116039240438,-0.758631089754704,-1.04978780767836,-0.71341831678406,1.94090376005383,1.16986474659963,-0.102682245218492,-0.536510841593145,0.565917071641799,-2.07571552772091,1.24243499640773,0.991153464524996,1.7231911376402,0.616638354156133,2.02129968188853,-1.99166728721875,0.489210856104296,-0.856389214023891,1.1535276886776,0.283156922644366,-0.681334826485609,0.221444810571678,0.94630909485813,-0.482930847288878,-0.0947482876870315,-0.0703772304638065,0.495993272796257,0.306723947942912
"10",0.717226182773808,-1.04466402894015,0.272823707354028,-0.0327369615186803,1.49959511510751,-1.09857318830252,-0.273538968376116,0.0265552481824094,-0.416571043789877,0.645560314577301,-0.125894189940211,-0.183154361914934,-1.54981718536278,-0.859759070825472,1.19201429590473,-1.20449154658805,0.632209036851973,1.97166522366016,0.467983951624351,0.84327351110851,1.85937072310273,-1.43474159468624,0.523169121962884,-0.464043021115705,-1.91704112102648,-0.513919641801737,0.639098816492894,-0.29105625281894,-0.684135288286952,1.69070454795524,-0.743940537279272,-1.26913375809847,-0.147682842961794,0.490753683388012,0.756079297441987,0.89020036404078,-0.561539626414993,0.168632126350572,2.3013195899246,0.324937678685245,0.595650622404509,0.535574286725022,0.787083171574214,-0.678663480377604,0.467030638461217,0.882622299786818,-1.60680639461232,0.753987919679784,-0.253162483990221,-0.782524335807817,-0.676498790375835
"11",-1.41851216020682,-0.324244197278757,-1.26122833226497,1.11349688240365,-1.16760322658568,-1.0427610733656,-1.89390555008773,-0.434969973847945,-0.218819494586817,-0.754113018486428,0.236037688602598,-0.0980786158844385,-0.640983471019509,0.419805882689565,0.237110577875061,1.00001930546032,1.04918457580523,0.161001948650903,-0.105154512571822,0.500226670702047,0.752091964400327,0.768010185586867,-1.67037310135798,1.27627471261904,-0.258443438901557,1.64634065044624,-1.28203381914846,-0.324169649663994,-0.22071159756857,-0.915600281382646,0.407510269159769,0.463408613192932,0.445844283226621,-0.753504036205504,1.98033435547782,2.44139896577376,0.226429449107749,-1.10404856975809,0.131672846778715,-0.159467509790099,-0.395793427110363,-0.310620365141281,1.10474261630911,-0.0996566338341497,-0.685633349139503,0.76779027700264,-1.18186028190219,1.50414420869413,-0.132867741550711,2.48059012897937,-1.14497880104973
"12",-0.319639697551724,1.41030893418919,-1.35407116360368,-0.872037664897472,-0.312247683014878,-0.128333958679627,-1.19267302913632,0.225765288077634,-0.751491082745671,0.290152193885968,1.48022188342765,-0.478499200000325,-1.42710088855012,0.442817583477954,-2.44858535468916,-0.55617703195429,1.74518003249583,1.16619558629497,0.216386596062176,0.432663359748614,-0.729569203675844,-0.491048153093736,-1.10558044774919,-0.91549685772366,-0.272671139951236,0.912000855978672,-0.919510753640431,1.61058524679764,0.627764851527341,0.196043442467599,1.22944521431392,-1.13118876261571,0.175147423373127,2.18494816839446,-1.2240838699825,-0.282267746374427,-0.992810739607087,-0.743594942097028,1.75960887980025,-0.277808028966738,0.270474340378969,-0.392710268223578,1.4835862355948,-0.414233752295024,-0.21249541271236,-0.745572127071764,-0.107169736507205,-0.335981852371189,0.747984931377995,0.611116612303044,1.00157941988454
"13",0.872003556556763,0.112521036064033,1.20249236264442,-0.252447679639824,1.13843075066435,1.41272197035841,0.718155933894575,-1.33701348561075,-0.733735752467998,-0.329706572607641,-0.382225295261818,-0.343425011603344,-0.178558095171719,0.742004222001319,1.34036204219101,-1.00490403366432,1.0492627832775,1.26985530358905,-0.561952926956939,0.581396545897776,0.886876888071292,0.0810435514651,-0.108920114173432,-0.661634810398704,1.14188417351797,0.075246870844587,-0.113127343938505,-1.47266450692122,0.14043719617103,-0.786538963268366,-0.00328953639658214,-0.116803031041912,-0.519425939913265,-0.462748557402872,0.350621466312467,1.83357545735716,-1.24973162804087,1.52511012315371,0.631961242872782,0.242642721280902,0.962046436400498,-0.201237416866282,-0.540538744704944,0.73203290508787,-0.13550849754512,0.0751366253300685,0.583500033898623,-1.06946591106427,0.144224892103934,-0.260092615652135,-1.23703500140495
"14",2.80863859092867,0.246713604723161,1.25983721438991,2.26575019992288,1.56133540511701,0.128575855159328,-0.101602040451152,0.894458249595302,-0.299139353773225,1.02161995647124,0.851194889298285,-1.23466805250239,-0.448218159539627,-1.29121026332829,-0.60667587099829,-0.40481510507112,0.134374369448108,1.07281917127377,0.0410347416079333,0.7443722072146,0.429701910710547,-0.372458165223308,-0.477577265866076,-0.507919181302288,-1.11703262992178,1.09281678441132,-1.39136896759876,-1.687034802878,-0.955963199189944,0.471192651040657,1.03196741827037,1.10474766194118,-0.62717605866856,-0.0212894486960336,-0.621127717099936,-1.89192103083052,0.201172616861519,-2.32415811569716,0.768756438721191,2.04950670628138,-1.57760960386894,-0.465296467432534,0.309969858569441,-0.500880037964768,0.564355352544955,-0.567926224106559,0.755341939248238,-0.812865958955935,1.55304041454507,-1.07667117252621,0.956079875873924
"15",-1.64105920895547,-0.893246302263907,-0.124586442409607,-0.606365601367918,2.00620218423768,-0.942583981692521,0.311709427635944,0.0693728647459657,0.226655791153702,-0.669739494697115,0.941222041805616,1.24028405900552,-1.35910666087422,-1.51372632958202,1.93017287594857,0.151373176006086,-0.226146941803912,0.100721318933584,-0.94220983955373,-1.1856649134202,1.77996485631633,-0.836485962165874,-0.57755355367159,-0.67513267318801,-0.255135480343006,-1.0283935493502,-0.43392051547151,1.20290417595871,0.958957704909328,-0.928909348545377,-0.494388403778511,-0.608937159354044,0.014813218744991,1.36944260126135,1.20956196909842,-1.14582208714958,1.48320028532165,0.0277250398892247,0.72212452866336,1.77626224679448,-0.755252140902634,-0.464392752820618,1.40614536898898,-1.05878617985096,2.23908253594341,-1.36957710594279,1.99943211940822,-0.0179766195772986,0.176922941424716,0.290043637039053,0.440782920896496
"16",-1.41310939432216,0.512861605897272,-0.544205693441495,0.388080326108534,-0.547064709083774,0.0307748560244548,0.645757580997514,0.777722802316224,0.794018996233856,0.742964715518365,0.223605401301822,0.662601402014331,0.848244316489288,-0.619272791205547,1.07100297685971,-1.33212331938471,-1.97247128170534,-0.9737434370505,-1.1599535683554,0.0399793130875105,0.816536695207566,1.33112577427988,-0.560065026288895,0.984894110590503,-0.257309273676009,-0.250499859386953,-0.449082160477757,-0.960076965298918,1.63678812174892,-0.345175770199632,1.92013452656393,-0.283902921644192,-0.422282253755229,0.373992074895789,-0.955972674893879,0.905100198166972,-0.222290911045394,-1.33985456917692,-0.31930568528739,2.31293195560139,-1.39903947488257,0.72565142268028,-1.20118615383713,0.388918236285414,-1.0688412593635,-0.398471606421242,-0.444159768512459,1.25484550851783,1.52610803383104,0.34731160531877,0.464548659707378
"17",-0.782169367616128,-1.01509233290776,-0.0963041853741462,0.757772749805702,-0.814270828657035,0.423414732861333,0.737252234814369,-0.0524952830951256,-1.38766730198457,0.107110765291671,-0.0110583359462753,0.477025572514868,-0.509101573895809,-0.94318886670124,0.762879084207971,1.40199111974676,-0.238259003731359,-1.14619022356453,1.29694972667327,-0.389067052260336,-0.321213211900311,-0.0308482057911476,1.56224266258945,-0.937337597237739,0.604299313190651,0.718127110009223,-1.78984140575014,-0.415950134982887,-0.762812611555393,0.840265841954283,-0.314454380465523,-0.175881363663688,0.249205341573953,0.751644651643078,0.43963590489303,-1.22781026736061,0.105008980141741,1.51937628266111,0.0859657567827057,-1.06253539888229,-2.14744923676988,-1.09827866353337,-0.487143130689712,0.86272327899513,1.17219337984947,1.3150290765833,-0.651567954592334,0.299003705464089,0.198794742167868,0.307768546380341,0.851588753415259
"18",-2.12129545051632,-0.517411711806143,0.57714008059283,-1.79760971206915,-1.67066635281865,-0.99694402884248,-1.21085386343387,0.0915967730704463,1.48345028620216,0.5855574415557,1.00330708314293,-1.1280243339302,0.663823829023417,-1.02054529019994,0.273025658638848,3.09116512437515,0.554815462166807,-0.576344652255398,-0.506132717583606,1.12760095239648,-1.09896672998674,-2.39357440711541,-0.490258145954892,0.726691085320832,-0.861958888608951,-1.27146465123873,-1.29158166376919,0.264309263164744,-0.0122079996875182,0.190230734662648,0.699393253449223,-0.51922763346973,0.776025756929368,-0.591749428407479,-0.613651601280206,0.19175763683777,-1.19941961931515,-0.596834469035375,1.10304643436313,-2.59004997073794,-1.33977460339066,-0.882157095198588,0.0693461784678939,0.440708373908688,0.0628124391074536,-1.48148834086337,0.97242323908033,0.114940070406776,0.64887411677939,1.13522360046869,1.16288735947477
"19",-0.0684212615605111,0.785405258827261,2.11103982016585,-2.23996102538564,2.11464886808551,-1.22352788016615,-0.203799410589869,0.391583913028117,1.01526855473047,0.94542946987668,0.183184795060362,1.20211313198116,0.467197915111954,-0.103297083451297,1.80904145654671,1.28298640005047,-0.913910473972867,0.767099517711576,0.540231015352425,0.251433817555712,0.0870747414745849,0.951181333599278,1.69527284687988,-0.28734366231779,-0.568911680410375,1.59017042246841,-0.372611003201968,-1.77329757409109,1.04677508023391,1.00487241524719,-1.2142093813998,1.33071562250699,-1.46501658459029,1.12035163474743,-0.74549169153854,-0.339545846359189,1.76842869094557,-0.976201900509887,0.218889707010138,-0.486398695749979,-0.66243056299978,-1.26198644050014,-1.34192574796947,0.0188861358256411,-0.738032074613649,-1.41608075309138,0.395367273391072,-0.55107571300982,0.689606388273067,0.518746175915655,-0.496746345490491
"20",0.38309932286958,0.0480174239588728,-0.112980446518895,0.123513602221637,-1.01594787085064,1.27904573771477,-0.529314735185886,-0.848692984459249,-0.241120969303206,0.170331115212594,-1.71649768661879,1.52089981906819,-0.485877132116769,0.168557109358749,-1.22947136788544,1.255981191882,1.182897986566,-0.589884263566027,1.64835774704141,-0.946495310622991,0.722069561665215,0.810346670511967,1.00962543856751,0.441033949377575,1.07688643384673,-0.551780257050036,1.46503545361874,-0.00765158266211803,0.631374549643164,-0.157388560071774,-0.881510027389976,-0.670899903539953,0.687856889097308,-0.420376324399045,1.17099074178582,-0.0815263368658693,-0.518318898853487,1.38042637347694,-1.12502122972444,-1.37888654044922,-0.287447864151228,-2.57298579939174,1.84330994240157,0.886129213495646,1.0332048405582,-0.115309463385169,-1.11279299558373,1.91934676685094,-0.855462611295598,0.641067836180191,-0.432283348231677
"21",0.0010036752761285,0.479420425301954,1.48296103956756,0.980360485782533,0.170030189251092,0.63356705843293,0.320320300665881,1.39915222184885,-0.507738219099487,1.01336329193832,-1.73675278198217,0.164916775455746,-1.62169509465818,-1.58688523043356,-0.426371810825678,-0.0889313576912793,0.720886596133607,-0.232592208339418,-0.906916493868204,1.93290096686271,1.85791963698147,0.325755858171898,0.983618430209969,0.203280745799113,-1.92581183613809,0.601485218106917,0.192132483451252,-0.83121689119114,-0.703551148812836,-0.69550829122103,-0.00588399391563161,1.5975620603941,-0.236186468188426,-0.136964709814646,0.124753125315185,-0.174914400635495,1.40091091569269,-0.675547385236066,-0.047866634918125,0.600621705079554,0.036995407546847,-2.03493952277483,-0.815422696127247,-0.275091237817604,-0.829489072684185,-0.116111587547223,-0.97897286356685,-0.0484063606466118,0.624218702988216,-0.449795175475052,-1.35146246947222
"22",0.322484779408217,1.08599121385135,1.26203283174018,-2.40665712992791,0.401649281074315,0.38408926832147,0.45918300492707,0.203311478105545,0.768451832702988,-0.673237797873776,-0.0656971414359259,-1.60971685213107,-0.634305413760327,1.00612234665122,0.303916593537225,1.08001870281535,-0.480205824691547,-1.24540443777953,0.510894040520838,-1.21804425868628,0.551286470732608,1.21431358784252,-0.452187146234295,0.913989282047337,0.227287825887272,0.608742689477639,0.206899301694437,1.72685267440284,-0.42783919679382,0.311634898905132,1.50932645309424,-0.802978262509476,-0.0879918067024128,0.667232734541388,-1.22827436212136,-0.708460311334541,0.429751023261654,-0.940014659717182,-0.937603472535076,0.078610225866249,-1.55375712291277,0.423942971980161,0.19295744703101,1.72590613528255,0.217348850906362,1.5235772215211,-1.71424678123828,-1.46861941558715,1.83221150895416,-0.0710555070962103,-2.38281490349709
"23",0.671308007485966,-0.797973468217126,0.273840317858212,-0.111523959729847,0.82872119800273,-0.581692110160065,0.607754915976934,-0.0482593713519176,-0.45540658862593,-0.861193083951953,0.145635783363909,-0.789081058691415,0.114917539310114,1.0823140013481,0.685952462923876,-0.670615103129778,0.113638662324832,-0.878689301149015,0.689706463050722,-0.93693174863906,-0.0465348081994861,0.286330185438716,-2.06241507566415,0.444697540143254,-0.225918673547274,2.21809140397314,-0.865940101773598,0.846486148186112,-1.54231658408577,0.110609422990641,0.0314549243219205,0.0509355905272793,0.675071824082657,-2.0817247630087,-0.129318433868011,-0.547767781227348,-0.732584289572489,-0.0923624908915688,0.0611442189776575,-0.354010933501248,-0.462597215461184,-0.870997801802418,1.29721465333573,-0.261159765757015,-0.0525977732250889,-0.175536762871839,-0.121618137609273,-1.87389256207526,-1.19807727494659,-2.26050177841408,-1.71146489776948
"24",1.08448456141053,-1.61324559707227,1.46920715983748,-0.238721100144161,0.267518826093801,0.287010833769424,-0.440053371836271,-0.609554299589127,-1.12371029352909,2.5110039955045,1.27471584172296,-0.286754350671703,0.795944067642433,-0.0870235486632869,0.636134589152025,0.694054965139012,0.386733701456978,0.179578715138616,0.0594804362434205,-0.798980569646982,-0.451577813747746,2.27725093645835,1.79101657137033,-0.0653714586244024,0.686062807684758,-1.89227915375148,0.774999325479882,-1.08212948619185,1.85036133939924,-2.16860093693233,1.40666351644619,-1.13383659191411,0.255932866985623,-0.419328624111371,0.0288757537292445,-0.442971169468154,0.0124887027114344,0.367309329161614,0.0909525091931861,-0.00345072498074718,0.610118144004489,0.42090154290383,0.887843294082577,-0.151327805666983,-0.394964720709086,-0.732293452322089,-0.814750756972406,0.145436517300306,-0.87807499584023,-0.781721680249113,1.17630159285494
"25",-1.54605474519784,-1.65323023758823,-0.461287633544285,1.97088564636733,-2.47382917120341,1.43911764913902,-0.0207002813141096,0.695885399696248,-0.850595287644458,-0.00988301570843288,-0.82802993838614,0.772456704005042,1.42119983155089,0.94375291527422,0.827774837887245,0.263417252302479,-0.232843314193727,1.38262510742422,0.00567964895387216,2.91053731752826,-0.0995632042972878,-0.807931037553275,0.308404354454461,0.211486083056352,-2.8759073418519,0.769727819878695,0.313777881856764,0.398695962636908,0.749428790244126,2.06298037272918,-1.91257854035327,1.86600345012402,-1.31294665408347,-0.795757844835661,-0.356116677407531,-1.5901169687847,1.98300351562825,0.06300265171534,0.0677340986522737,0.551865546849327,-0.662078909711716,1.70890579704945,-0.698721227403505,0.44034446516837,0.0391235457079335,-1.43430328129884,1.60473773336749,0.349956644846115,-1.48775557466489,0.217364722445408,0.0687455070949103
"26",-0.101830127985901,1.39935155813351,-1.19067022728961,0.770616359192043,0.73962423391152,-0.432007661145627,0.147031538148731,-0.0563174745704771,-1.85485214663259,0.708657901704147,0.619157985121454,0.406968859979945,1.14321724455044,2.09926726303239,0.498374017025568,-1.28804748727681,0.599042499305721,0.705040061184059,0.465189477500155,0.331922606842692,0.0390430083315724,0.802988637979628,1.39423548691892,-0.455533316576728,0.904822209191131,-0.30877246017341,1.16413035663976,0.743585465134468,-1.4071802534221,0.766538065318999,0.80472525509142,-0.233413871361794,-0.881480090033526,-1.21139988176026,-0.536109668107187,0.524176719847102,1.09672924678063,0.439662147939859,-0.519406055463222,0.769824140018291,-0.226010931341439,0.952438079820076,-0.542266020139587,-0.0778188094741663,0.847802999411342,0.277801147269382,-1.34995463709258,0.313593807129485,-0.289913434476973,0.56174592211597,-1.58178942685088
"27",0.531078313613538,-0.652035936648625,-1.86958603769555,-0.174924208093056,0.268026091405839,1.55628897953818,0.663161379846467,0.133040533807567,-2.38334934451314,-0.709731795136122,0.439798067516429,0.607403578068321,0.646393204074028,0.808922742115873,-0.965730474992971,0.977080659232008,-0.446943671530647,-0.607906176710412,0.540213272657462,-0.599922871661354,0.256419597192775,-0.263207099318898,0.5324523111538,-0.76757235350863,0.545352556897828,-0.231951183788907,0.971664547997216,-1.16407742328717,0.0727695740288219,-0.541172189339189,0.101960108697027,-2.22964416114708,0.617923596815062,-0.0240421177460222,-0.696526839682872,-0.0771015574197223,-0.178162448598924,-0.862665882427314,0.689553569029687,0.0901320569898025,1.22256335404869,0.0475549984554445,-0.333237689351315,0.513732284378946,2.21996985791276,0.373921468028291,-1.30830449637244,-1.0691951035395,0.457768967931226,0.646241954622982,1.5428953578112
"28",1.81542756768135,0.336567891645532,1.09973048578499,0.0626314757110936,0.180297435780924,-0.808079576436914,-0.447638185819701,0.0390831079433357,1.9192882291081,-0.43539392829515,-0.828100256870495,0.138419917867586,0.547346142946706,-0.158035810998932,-1.08431421617846,-0.905021398697832,0.193665087262357,1.25179629717961,-0.0641529559637384,-0.0737393404036212,1.70171090904465,-0.772098970356827,0.704472676839471,1.02422131427569,0.296531839264432,0.26367004474242,0.7972488525217,1.00281069060356,1.24756044249049,0.313238893945794,0.300149150490578,2.20307764147631,1.57932035812466,-0.012108801570688,0.452551283145317,-0.5926363100512,0.175512774691117,1.37209690960963,-0.166968374481834,-0.644675237796666,-0.441600581883006,-1.32735523324694,0.20239944555791,-0.305361822803136,0.557457453154894,-0.351829249141004,0.166938485223011,-2.71898292090957,-1.39176101794263,-2.82099845258745,0.385940706800338
"29",0.304788497452163,0.32916134251875,-2.14467544505851,1.69500555638513,-0.971105984178395,1.44390396496082,-0.396376710467598,0.27652600410105,0.0582168606639405,-0.731506506272123,1.81426176334758,1.04785184456646,0.542266863317324,-0.4826306233139,-0.103713063002598,-0.541945404367324,1.7721736875618,0.973211805113791,-0.0582028680055071,-0.109043639557716,0.995895009276298,0.300471570543792,-0.399833086371418,-0.552370825490273,0.799649501042141,0.617378661374211,-0.924997247704227,-1.65349335258601,-0.553703599090314,0.688946866947011,0.797596489901886,1.89320674653781,0.449499186235803,0.180638657149582,0.425666751436076,-0.190189107362462,-0.742276035247016,-1.84723949152279,-1.88588204949734,-0.0160559315838621,-1.45923104560171,-2.26968725337995,-1.18246696548208,-1.21323229074196,2.37475757619478,1.17353970000463,-0.118357911040386,-1.13601810471036,-0.489549455253423,1.85731830466219,0.216540661292387
"30",0.612710181718197,-0.365566433437358,-1.22746710173095,0.132465466868021,0.794601599681852,0.740565872554715,-1.68136996355185,0.889635163543245,-0.737831330885058,-0.264499280694575,-0.14987335934106,-1.54963530940937,1.42488051056792,0.746184033024822,1.06698377912682,0.712776796452381,-0.764799177096851,0.703188354466493,0.661611636029558,-0.25512124609355,-1.36992510227374,-1.10567594329159,-0.87754224946681,-0.124082353997589,-0.252730300335101,-0.247070384767123,0.0958046179231605,-0.676677058592702,-0.635927816652984,1.63513956721784,-1.1404533732602,0.585763168157602,-0.410656238155727,-1.36218586748516,1.35148135865387,-1.55626414918364,-1.38731203272134,-1.12592980031312,-1.95293050492399,-0.140682078463858,-0.0954626769356696,0.793469093169487,0.155981481304776,-0.243885316021203,0.00309114100404126,-0.0562557577226928,-0.186996270343627,0.647337083928859,0.375829998547847,-0.753312639095141,-1.02949018034795
"31",1.05272973931515,0.50835230119672,1.57920755473741,0.133694322534486,1.24525594703818,-0.874968028594722,-0.227433496148691,-0.996928042495039,-0.229305330313303,0.967860984300735,-1.61341557229164,-0.766358119930557,0.309986537625219,-1.01007232024934,0.276047648278761,0.816497639657288,-0.643303454524413,-0.152319959935057,-1.58195224076213,-0.271929522987373,-0.802866924773902,0.0304702220722823,-0.30948641165323,-1.00927493868391,-0.887604102388956,0.616044712133119,0.368210699180847,1.71604148280894,-1.27471791814499,-0.0992589861392801,0.601573269549209,0.207156021695907,1.04225848587424,0.309643449688166,-2.20209711525556,1.12562012925503,-0.62475331872041,0.580729678593438,0.640679728541743,0.121017055502439,0.576986138352232,0.458689948851259,-1.92568823717645,0.0595448856545628,-2.41649221273128,-0.591227584662438,0.0364295859377123,-0.848564162454485,-0.71411290055347,-1.68148471827291,0.400174375161319
"32",-0.103735710394953,1.75076915363895,0.829102071648835,-0.786243492956963,0.277602241192643,-0.00051640020663176,0.707659451673016,-0.199706164996824,-0.366111978947193,-0.648069585333775,-1.36353978442336,-0.49049337589215,-0.0702254352621977,1.93162473371924,0.498216430892198,-0.948212665515611,1.17839396870442,-0.564546733371064,0.770351419826903,-0.825615097016943,-0.747436221733034,-1.23525003053155,0.67642661330756,-0.825604782743265,0.24694579064191,2.54476900666314,0.313032716708162,0.00220061386356219,-1.25492210037883,-0.250060892766602,-2.1250428785306,-1.08059203750335,-0.0385253749809448,0.0906417693254793,0.340061908370254,0.620480720992899,1.39597188869131,-0.165785249521921,-0.210509350462668,0.292689758524614,2.24032665332285,-0.941656512926661,0.312580555906384,0.675533277414839,1.72059414381816,1.67694132242741,-0.133738600562488,0.293726621996726,-0.30375225113894,-0.484232182585756,-0.631726352593644
"33",2.30861896801385,1.6183217456098,0.474311210044753,0.22821107349124,0.138011180887652,0.245861049109011,-0.598072168754298,1.71528849867113,-0.124351283382048,-0.0553837740438613,-0.0212926523541171,1.90917677478574,-2.41286735245371,0.08630152072752,-0.624275358660002,0.486646117645844,0.189525961742481,-0.781241769233312,0.367322206065268,-0.374749977951923,0.129511795922194,0.246712306239406,-0.630395658881626,-1.88710185462723,0.890172250615754,-1.70015971590465,-1.50757820778658,0.664044998713759,-0.643617041638746,-1.27126825075454,-0.950098504314528,0.487646394853218,0.0339217535158396,-1.75937817359847,-0.86596421197947,-0.306746165533341,0.473224337818348,1.77341347104439,-0.392864785197456,-0.757367349536168,0.698981963297385,-0.271330754595248,-1.190917978159,0.765289546500649,-1.59152632175851,0.15963799058427,0.866805108135618,0.983875215807956,-0.593192482726938,-0.0326200515538498,0.69352274975332
"34",-0.430378674225765,1.2444694333637,-1.21622106206641,0.334142885640518,0.664346929046559,-1.32921742602097,-0.388478856504994,1.41047105102788,0.572885063477389,0.917133881620685,1.44624581037762,-1.01609105595272,0.436640165198393,-1.67816631188282,0.873652240674423,-0.211273379218781,0.934228744140109,-0.179588027306248,-0.655415306989027,-1.06267704263396,0.797165875909066,0.55837567553114,-0.497174767021881,1.38680522742785,0.442102692376359,-2.17218408588516,-0.465492810310606,1.50010614172948,1.11117271806485,-0.84467136365956,-0.958980433739897,0.373109172314865,-1.90154529355591,-3.15578965039648,-1.30945118242515,-1.33511413307055,0.910049576102526,1.80565240785316,0.702887839227656,-1.59504671021073,1.1134357669866,0.0743119713033936,0.782118488853398,0.788142748144123,-0.863448212224623,1.12656469733384,-0.477462566998234,0.191824917046281,-0.661574407231804,0.990094132830873,-1.84401072714007
"35",2.13762511446745,0.00814007841519979,2.58153699987385,1.00498547864795,0.195060269249942,0.490352247348109,1.88225926649014,-0.344831178175021,0.176974791600841,0.673565437395119,0.890282700934171,-0.720555520977795,-0.182883180949453,-0.0358093368687806,-0.690570462161254,-0.842505768066034,0.140623321547306,-0.32354003885146,-0.419491065802403,1.2328553519949,-0.0294605650809095,0.870562526430824,-0.615577741268858,1.74554392595095,-0.0237780350261855,-0.348761158134467,1.21132384055347,-0.657068037834765,-0.946751057717068,-1.5487824726369,0.22159538149444,1.15627536413196,-1.24245698661406,0.219047152906674,1.5675632804015,-0.141314387584651,-0.380777911225414,2.17982845233097,1.43687929317853,-0.0887818797733481,1.33395687321684,0.074601560551132,-0.181870402846493,2.61911815293401,-0.0795716704307413,-0.698884166418884,1.472811640845,1.53519100445754,-1.33509332786302,-0.159128112575903,0.819967643632374
"36",1.25163754675129,0.220673077692627,-1.08099572754806,-0.452275918256262,0.156358139241217,0.606963848754335,0.533698458042625,-0.583881833237206,0.137839623657758,-2.06638641689672,-0.0866829263924121,0.424860958651617,0.26329270416281,0.925973987600849,-1.8264989598882,-2.80577834264684,-0.386167078464992,0.144994437990753,1.31631681249284,0.075818974199358,1.37850254473086,-1.10128016415171,1.42934603918634,0.553214674267883,-1.05558904423929,1.44805402338928,-0.336306493900601,0.712633081092642,1.63024926150955,-0.74183153918578,1.18032620567074,0.625668092420913,-0.619037339628749,0.0343506496222274,0.826490258913386,1.33192596626666,-0.690902111588229,0.0830186205572455,0.424634949344298,-0.10627877167215,0.516188969397442,-0.0205510000244585,-0.132801916356306,-1.67095864573913,1.02239556722325,-0.791117674802321,2.49176055768086,0.0999113208380142,1.13464512779434,0.356095923831538,-0.586263436891665
"37",-0.130206443417438,-0.510691693833144,-1.04461350088882,0.862971225009911,-1.78692103963746,2.58006816744398,-0.345679811073429,0.482542159986574,-2.13104911598541,0.688851713417411,-1.65923937649913,1.66593793643035,-1.50717768363798,-0.209340341251349,1.56662554024449,-0.205068398611795,0.910274045906572,-0.0829341944158969,0.782546506176828,-0.791065320290237,1.18368736194069,0.494300012030167,0.940280279706669,-1.2468381744873,0.715209881161668,-0.550132609088398,0.629251862037036,-0.921999644737734,0.519623599869961,-0.357010070241207,-0.975522227929152,-0.930005128197242,0.90074907137492,-0.213832404824856,-0.115774290105041,-0.395297180389043,-1.02204316420798,-0.989215926351742,-0.352614201963532,2.25268246386293,1.46832724148131,-0.232305014839113,0.392528040506407,-0.942896727753345,2.27598823683414,0.200517802540971,0.432578416332524,-1.0948454545192,-2.05192150247535,1.34657687989349,2.29646976993005
"38",2.07832127491088,-1.71094885942302,0.616755801476157,-0.638739249308385,1.37488014825593,1.06009976110307,1.02955481125417,0.24189668195868,-0.27165203949288,-2.01975957852973,-0.881782792304049,0.711597712578874,0.830297277410242,-0.857990711877486,0.116570470513161,-0.948329316467239,-0.0261337021607888,0.134308382830715,0.564760804882675,0.965032769424557,-1.24894585263154,-0.417569646869751,-0.013314626780522,-0.620879998650873,0.965433762457877,-1.34400250819204,-0.119491231646301,-0.31245363507232,-0.509222433629109,0.352879471766487,-0.704551111852948,0.766183991287103,-0.786685096046054,0.510688463893565,0.0992099130558814,-0.129794136772551,-0.774194484320469,1.5530860069399,-0.290853553283129,-1.63517643418986,-0.386365699946953,-1.01802596832765,0.478178528483088,-0.939225655172568,0.129469266374855,1.57072859985551,1.52716345225279,-2.24764305453091,0.471516064533058,1.43984326527291,0.879024287986398
"39",1.20199916028177,1.3658334504717,0.083011081166395,0.722783999866005,0.29321090979486,0.954835238669682,0.449581227746089,-0.117284113867298,-0.689206307729854,0.526675949058544,-0.121192019026513,0.487350374361796,-1.68529758026663,-0.239890461825774,-1.11076421753539,-0.0974944766121324,-1.76973886310087,0.241891228657009,-0.39850411323086,-0.307951217669611,-1.26951321317396,0.0967397588204359,-1.00562941247294,1.6978260059668,-0.697205770815655,0.531749869359605,-1.14249665376934,-1.60716873777695,-1.03066640473102,-1.12592863656152,0.60836112910503,-0.0785751587011041,1.51921083964296,0.425110852943857,-0.906880171104151,0.0170802776089925,0.649899340149138,0.472485384133724,-0.668859322178484,-0.0076895074430609,0.0579316282895544,-1.97899459785568,0.142092613713942,0.190380208626911,-0.00444969772004193,0.0204528164303922,0.749168534342013,0.0800695820904556,-0.182894780563184,-2.14517366763827,0.619283921058606
"40",-0.220283707398239,-0.196815358572682,-0.462609943632013,0.315915234730741,0.253023186730655,2.2373669097894,-0.108267286573749,-1.19665769694448,0.427343427315863,1.89516178537995,-0.3405764737745,-0.556002550147769,-1.48917440806473,-1.40151011371583,0.709294935558081,0.112664071516335,1.4148522600792,0.254361938612031,-0.0140076657365058,1.36881161702638,1.90112785910604,0.970059213451853,-0.59330770652055,-2.90069501995109,-0.433072712248399,0.404904637017094,0.867578920942575,0.164714623979921,-1.00357704363323,-0.0436072224297412,-0.585266443709254,-0.750996672798506,-0.959997867135528,-0.0769246997261914,0.244525095773473,0.758599750629081,-0.597713975189354,-0.0816844789165491,0.0704203973837661,-0.797085211422749,-0.95441685764433,-0.367050037828806,-1.37240078687185,1.74051464943294,-0.261230058566395,-2.29567318241968,-0.609082039561871,0.724948711954154,0.720585723342403,0.311566250759577,0.803686591052787
"41",0.848904583047352,0.792400832752619,-1.17231962208228,-0.701312132403269,1.91771906162564,0.49815797708753,1.89450258381463,1.57721359858847,-1.18329738354544,0.958370173915663,-0.58456379238018,1.12206743610721,-2.24999341707646,0.313131232716958,0.0789689480159903,0.62540707306228,-1.90963689408378,-1.00887419285217,1.04451386622655,0.192893632779042,-0.247920670401996,0.401838013654791,0.077022974763338,0.478348412724411,-0.881361886460443,1.73855329168953,0.611311869094109,-0.356075169736536,-1.12722680127131,-0.651112954733763,-0.212245122902458,-0.767439240513808,0.180460290260112,-1.50429020613641,1.18228818915165,-1.48787096564254,-1.10656267817556,-0.476694681536301,0.789621960890794,1.68960283634097,0.158179273642239,-2.0510511390715,-1.6892499784818,-1.46034616887321,0.486484106340488,-0.298831986110389,-0.169035827307879,0.488734204645013,1.0564643762481,0.804184987963325,0.33884789810699
"42",-1.48602767847909,-2.35532667593225,-1.3240650497584,-0.559010346738226,-0.538738418870386,0.767043263445362,-0.231261062928089,0.943633438373837,-1.02589620947435,-1.13539590464603,0.415885095679684,-1.29476542908842,0.00237027397156323,-0.130324238146243,0.162110786801361,0.0954597899058506,-0.243774965774311,-0.301731982493025,1.21751040366612,-0.266896915080203,-0.597928424726568,-1.58695996250323,0.264051994018272,-1.49730195495208,0.752907740001569,-1.45413214460478,-0.00224600393696656,-0.348503118078226,0.707954403336847,0.0752807207539109,1.23202555244535,-1.10533017669201,-1.96506396101617,0.499892124426917,-0.425671511443861,0.454068376270105,-0.727616232563243,0.164964911799229,-0.435420609094543,0.511172450349118,-0.55113640366516,0.501145733124941,-1.35853964365612,-1.17984814698966,0.249367935128346,0.278633386337521,0.439667386220321,0.239705059712525,0.379959525671809,-0.667638647861609,-0.82299640026069
"43",-0.76757868725854,-1.17110132305741,-0.632818589534694,-0.230797129983316,0.759382867649535,0.169026175721459,0.0317673862205245,1.04809836172986,-0.714082316335758,-0.29356985636882,-1.04099814903264,0.592331754916176,-1.76208739064423,-0.112317317093725,-0.431395045833069,-0.745027234521637,-1.4134094784595,-0.288372094682522,-0.969140723715407,-1.50132203378266,1.30765064192853,-0.026479451455494,-1.10347324084404,-0.352100302580085,0.0508463264005064,0.151944761240146,0.0969164832862654,-0.543453075824286,0.515506660639432,-1.9072135424262,1.6383792371078,0.378169017707145,1.0669308438272,1.35971641576669,1.41890770898804,1.39927439911501,0.348072915593195,-1.48616026548205,1.10794358550096,-0.868303091477209,0.516255379770162,-0.151046316671425,0.658430618111746,1.14239602036081,-1.09514192500305,-1.51484914242586,0.0680837522929681,-0.382537680335376,0.0755974673322067,-0.202805238123086,0.657728067277134
"44",-0.037331301287078,0.620726838958287,-1.52886179109626,-1.09152130028528,0.327113167833883,1.19325919786695,1.69517758622953,-0.339866163616871,-0.635876147543916,0.901482452561529,-1.5335168066277,-0.960805220607277,1.53407546533877,0.417049659826177,0.237195161489003,0.13596618673201,0.297239725054758,0.423967843595289,-1.10139836045429,1.78121748277391,0.564337754786412,-0.296176198717215,-1.18676107391017,0.597039216794025,-0.584098505697772,1.00041611868644,1.30081215789479,-0.741191015867995,0.438291446037876,0.347369061171568,1.11964929807103,0.521634022205949,1.13044774739041,0.261312066035014,-1.05595370478681,-1.52304858976301,2.6206304038135,-0.00249193467490892,-0.0986393654299935,-0.227484694743329,-1.26072282038093,1.56394621972744,0.520630175069781,0.535992798724255,0.225478050497157,2.34620727499971,0.0530105499202229,-0.743064902647733,1.09861808287414,0.156394960545759,0.828789307481515
"45",1.64670782234367,0.546548555101121,-0.0290508700750741,-0.064522392622455,-0.32022211209906,1.42399703287899,1.42989212760179,-0.970770526000639,-0.874631740418864,-2.50915179654399,-0.837100607206312,0.113416742587063,0.539662200736277,-0.446444384367252,-0.0551705003330512,-0.513519404877212,-0.0984980053410949,-0.750370711679454,-1.64803194482585,-1.62015088645191,-1.23178398958906,0.965616961356148,-0.982880944916082,-0.139661235866761,0.954043614361771,-1.6935732628712,-0.0522160629427274,-1.07153051346979,-0.342275764899643,-0.822602180041264,0.21995605962538,-0.390128419777009,-0.0864806512284925,-0.484718975614183,0.51946337577493,-0.288732095363679,-0.591727848797684,-0.147649234512476,1.42190079411642,-1.06551904629001,-0.228252884290152,1.6161681663809,-0.207398288409148,-0.0970792938685464,-1.52457207593366,-1.03760193404777,-2.24655435097362,-1.07852888719455,0.159433647630812,0.820070428452808,0.797717187225037
"46",1.41104613928807,1.09042665288195,0.489434886718277,0.876624105681346,-0.368144297408676,0.618477620138678,1.86292142946333,1.28987398980122,1.19532999339094,0.295408507641839,-0.527879210564864,-1.24781221392257,1.40263942317547,1.21585898117601,-0.258008565604599,-0.295928306230697,0.921628258338869,-0.142678957637286,0.441795292028624,0.0932380459170234,-0.67061454418169,-0.930289019952667,-0.170616242258098,2.47803599875382,0.25275470183953,1.86128299398498,0.393322524168111,-0.0834191641298647,-1.21497592649461,-0.619926795024402,-1.81515376222886,0.787876019031783,0.0394445165400285,-1.16590881430408,-1.93196845469572,-0.14009681994825,-0.595625093702488,1.66074946730636,-0.147194094081851,-0.677668593469726,0.460547059102614,-0.236884375093074,-1.07609052476309,-0.531407496427347,0.615323012128704,-1.38532284968959,0.411302817223433,0.484007958466034,-0.197497738080702,0.102152306356662,-1.18324079799014
"47",-1.60963405342383,-1.4876200884681,-1.57482304348864,2.99633482503842,-1.44058267655473,-0.973064591252524,-0.69451455416662,-0.143878161122778,2.90968250247832,-2.26119630570199,0.648205874536009,0.476852605186334,-0.104627796313179,-0.820445083921552,-1.93217278619203,0.0200597530175583,-1.9951558837415,2.75659291523475,0.0304949301560877,-0.258799850521215,-0.925910931148063,-0.570326304318448,-0.698714525077189,-0.559216047561773,2.31964263221889,-1.21290540404893,1.42855664157148,1.12348086137798,-1.88503189598523,-0.859155264653414,-0.241198325438425,-0.302490043379119,-0.106378787989487,-0.75546107209574,0.987993015695438,-0.240637275743392,-0.318598339891736,-0.539082755500823,-1.39141974164326,-0.645468409681417,0.22254784065399,1.35415131537308,0.201317727056162,0.778742365211702,-0.355936639362668,2.09910497082734,-1.04272427462674,-0.611407035980408,0.633591520672293,-0.8308110891606,0.89337464557076
"48",0.523226783741952,0.289043819915125,0.795478123507032,-0.0404605717886977,0.34002216308004,-2.42625707059104,-2.15899160669412,0.896683561847955,1.70547264584411,0.0521928852955864,-0.992108029414747,0.758702257174012,-0.0346232319224323,-0.202726080063103,0.314533507481035,0.128793018967797,0.717269592379348,1.90047306731555,0.492132418902421,-1.64061513716516,0.0694296483583818,0.804138728247181,-2.35866900993666,0.919481865471207,0.608751381992716,0.633210659279394,0.0912092692177159,-1.24356767836187,-0.258163716850095,0.642385546876645,1.74182432448797,-0.102902839588472,-2.1501419420337,-0.940523421957174,0.77744865941305,0.536378166187001,0.400354983341494,-1.15213819434094,0.513839109491218,-1.02139799343924,0.186644054416728,-2.37730057846471,-1.05216139427431,-0.624127661815525,0.507192547083131,-0.15825337042913,0.513140118760027,2.63122927767378,-0.33630795113425,-0.552865661987284,0.104053343890168
"49",0.156376540165443,0.303203650792344,0.841323051045735,0.632576759685155,-2.88170945238298,0.548144579085309,-1.57906657971107,0.860757337651274,-0.61249802753605,-0.578818852746316,-1.46571738313371,-0.367672448657272,1.29693301067033,-1.51878756186969,-0.164618209259241,1.16057399556233,1.28407272594114,0.838371296037506,0.411479757233267,-0.791615992084655,0.210622189575383,-1.38790664817648,0.603020880481615,0.311415346579191,0.719322171657737,0.354171629298348,1.04265029914181,0.602963436496086,1.6887585578261,-0.0916709995496132,0.146003666145982,0.0038730975197314,-0.495714634257446,1.20085573811141,-2.1179325167041,0.874771361869632,0.325207360314395,-0.113787729622276,-1.68653128550172,0.917408649896798,0.931719326209815,1.4444330006243,0.921830050592326,0.399880481420258,-0.810591909453237,2.34738200136464,-1.77735302570642,1.17681736802377,-0.662110395187355,-0.973267446902335,0.897204113292766
"50",0.235493793873509,-1.39226079484629,0.0924190327919566,0.857057800860419,0.580666696693988,-1.10842252620101,0.464006396926503,0.14524010397408,-0.80570060600103,0.316040948956269,0.462486587654312,-1.7192356486955,0.974760798058572,-0.0971203156774609,0.653163377146646,-1.02442152513849,0.414725266378675,0.0231563403288731,0.113239998816601,-0.179400019623184,-0.204462747545076,-0.590867994434717,0.0511839940496614,-0.441356024984718,-0.51502735265508,1.19141106988144,-0.65292292598514,-0.788644660611641,0.218674995904013,-2.14555657593729,0.704400812919388,0.207998276268736,-0.714628260945374,-0.397218792112897,0.784102916510139,0.323475935517956,-1.31288834266354,-0.629342035252042,-0.0625675263313241,-0.514621211908634,1.3170886187067,-0.460771453836698,0.186753111215227,0.471825440049802,0.119131941933426,-0.48184546146035,0.707731253562,-1.04524108317763,-0.0410376402004504,0.728798829463647,-1.00190099261315
"51",-1.59018557721226,-0.704729114807247,-1.64605866400612,-0.817790919422546,0.0800127858345941,0.857949974562083,-0.491582490894504,-0.781467172203222,0.252733384401588,0.302087798201661,-1.91711981819359,-0.628347995482099,-0.218852052518514,0.924347490632243,0.100426783321625,1.19173053387994,1.06711703109347,-0.0824014516727421,1.31789530776901,-1.39516496652949,0.716555766228073,1.16374742010393,2.28526209546753,-1.178409219176,0.00192679374913486,-0.288715885687146,-0.7611893289593,-0.42280496194772,0.772752505766406,1.59372747327695,0.116514797668147,2.24450290385009,0.832569323788026,1.31369564724329,0.625674890263385,0.632865326123487,2.88196581182404,-0.385285146347396,-1.41229736219235,1.35431397929222,-0.677527050028871,0.017760748845538,0.576674910696587,-1.09352921958581,-1.30904810329582,-3.0481270755244,0.976478855734788,-1.20069820054363,-0.474861243092261,-1.19693517257359,-0.487034051385743
"52",2.49938457341901,1.5272704621605,0.497571778078294,1.12333141623907,-0.311115015969114,1.21363681383711,-0.0894037676634069,-1.18356469142591,-0.115287958112026,0.960016408544175,1.25986891382716,-0.943593164843962,-0.687024140128548,0.740782921762391,-1.08907592179683,1.677293111371,0.614230337827783,-1.76363832185676,1.24575319337308,-0.445454679619647,-0.390280850209872,-2.49917040448461,-0.996951569240116,-1.54518882727393,1.17124838452238,-0.240361859743562,1.17136537552434,1.07490899548367,0.0278104979798772,0.779375608306674,0.906882096320746,-1.18852565285465,-0.257557474363937,-0.609589301911932,-0.540995090620648,-0.570573293264471,1.13887022389036,-1.92908845437034,-1.51123125363959,0.813621874400008,-0.545760082415399,-0.811600892427373,-0.271313174745603,1.97035676913197,2.24573626088774,-1.24643611973373,-0.316667560552895,-0.374239374826068,1.40481526467116,-0.320318003995894,0.471877579094933
"53",-0.294601034779155,-0.171886271667965,0.148381139243247,0.538711062732211,-1.73248375221021,-0.590695023715298,0.287583365941046,2.23383201341832,0.469030216796763,-0.534443820825979,-0.138853908576256,0.672969414614373,-1.1702727778933,1.40016752868786,-1.23828925048292,-0.794023104094257,-0.632820504654741,-0.127651243801744,-0.23193124120549,0.702234057549971,-2.48691948658876,-0.82946516113494,0.20899739657965,-1.72109212144821,0.347403319200113,1.86066345810667,-2.46617072399258,0.747445112605336,0.276720101754808,-0.233310718740323,1.48022137896127,0.24730723562772,-0.801687208903673,-0.908166713273723,0.399550248033948,0.315329680215755,0.364075912118158,-0.310124060771226,2.29447880948949,-0.197399282214607,0.971198579893749,1.10262516134028,0.609300745610547,0.967373035749035,0.263723763489296,0.241632018897524,-0.570876616690919,0.611677449419247,1.47940875081612,-1.28414695040163,-0.427191768539293
"54",-2.85547866805506,0.0955079390807901,-0.842263517727097,-1.48876226309885,-1.33771731793866,-0.436517203563944,1.00409316565847,0.0544767831120362,-0.969309316959233,-0.279103235630406,-0.0325176294315411,0.209168303314204,-0.402287274940272,0.176806044492114,0.335190745425621,-0.585570539749853,-1.31093587082248,1.15494107944833,0.404635035778541,-0.401361487159099,-1.43041182213209,1.18724882743882,0.634119730585661,-1.89963048271993,-0.360264142760153,0.29814480564234,0.189911458915528,-0.294759945206292,-1.13540031369406,0.578778138139483,-0.712814324999736,-0.00595906874557916,0.609974641497858,-0.218780199051879,1.69290366204946,1.20160719775658,1.02124788019364,-0.159796682308802,-0.22643929704332,-0.357377991493799,0.249423465039851,1.4217511803327,1.09963580907033,0.116938854783946,0.461400753471828,0.295948091466514,-1.4786945858413,1.03482884642745,-2.05325763907298,0.646194217174267,0.278532988952606
"55",-0.370910354859278,-0.821878889213087,-0.152147116311171,-0.234991815560978,0.867935363339274,1.18773693178895,1.22531432524545,0.285355801002666,0.821879640952951,2.46880982991435,0.663790987005773,0.932424449818916,0.0737009405601348,0.0637963932306461,-0.500294826896414,-0.94805515622682,-0.970254516370891,1.96790121072851,0.170927708854987,-0.265984410219971,0.187030616439061,0.685733487981854,0.653605140758598,-0.334270014400346,-0.676762968413458,0.900330711866024,1.10689193035481,-0.989675002780075,1.35382150722434,1.08810595407403,-0.123084271927678,1.82865909414779,-1.01582671369461,-0.0900419599881302,-0.597518745460955,-0.628177235072588,-0.923069232729464,0.847917248891514,0.870226040477735,-1.02430631813362,-1.42241727502949,-0.797145664232097,0.786864199238279,-3.81817346167056,0.0358155229955398,0.41237506763101,-0.267813969338463,0.05319305929928,-0.615511180683654,-0.00428753298457595,-0.0139881139889948
"56",-0.895459458520856,0.0293851192605498,-0.292887491411641,0.737904318913418,-0.593001267446247,1.41143299663646,1.8862764310689,-1.73594353889311,-0.916638209163985,0.871274859660402,0.00318892279329111,0.578558564227697,0.421732805122528,1.38552960956263,-1.30160838512181,0.551176812228921,-0.892590098744101,-1.59569970714091,0.105019141371147,-0.736514111085226,-1.84108057901211,-0.533117640357443,1.1057531589351,-0.508614184088869,-1.48279170806312,0.222352855850258,-0.198623668348654,-0.953789026515765,-0.166637111192765,-1.49709830342932,-0.332389750877922,0.104044830444438,-0.936029394018873,0.0483542309066967,-0.137347207170981,-0.127779407593235,0.957579264435119,0.461503505578351,-0.207266575015991,-1.28493813739154,-0.418003430776155,0.655677573111886,-0.308655839178856,-0.94857429094484,-0.84596399435994,1.19882541666183,0.346071678959284,-0.236157702195347,1.63089082944832,-0.201418196935435,-1.28751220409504
"57",1.78708107159452,0.400073331469701,1.635726918023,-0.395572239615888,0.139409541836615,1.74166967674833,-1.05740490933531,-1.09541439172579,-1.50269659453975,-0.842610768091603,-0.0799329348666905,-0.46348130221629,0.789266474956685,-0.336942789282015,-0.0763341193905261,-1.44085288158867,-0.340431877341817,0.407284324717305,-0.326204581441167,-0.622232157936217,-0.485718654038556,-1.28675760374547,-1.69610959534985,-0.684069780272449,3.1999926627598,0.557935650859814,-0.591940823911213,1.75184229179713,-1.06382136671101,0.0567298475540591,-0.989482192474941,1.55296255561915,1.09785884006039,-0.579278868134573,-0.43468510954713,-1.17281086147567,-1.15077884007253,2.11242127673511,0.899116178118927,-1.00178911056176,-0.206873849699296,-0.551822289475024,-1.19860690900746,3.47618251911918,2.18265346775983,-0.310063723571976,0.285606678689177,0.314213521313537,0.86952192854617,0.381996596690027,0.187811470267396
"58",1.77815000361845,0.519047394436153,-0.385201988708024,-0.443360011393311,-0.192673188995527,-0.123464636418213,1.05763772325437,1.23732655842188,-0.306723586193233,0.670356821470634,-0.0734170743640686,-0.166453908468138,-0.0519273361001779,-0.794927909451526,-0.678636547241316,0.968941191162563,0.0879073245802404,-0.899566502443941,-1.05432231072145,0.225306151624801,2.52750254383475,0.592544271905925,-0.0382164497051123,0.346397772852671,0.34745614121756,0.411646158385205,-0.132796207984106,-0.711219026211836,0.171569134401472,-1.69633283682928,-0.975029008904622,0.21320108188183,2.07740972368061,-0.492338967591751,-0.157061072511481,0.451233639390426,-0.144654897735458,0.871896919210928,-0.00990053447601773,1.20638066531527,1.09769183874776,-1.20737664208082,0.159357215603543,0.550066661106095,-0.335733902580048,0.144084191605184,1.36543572745827,2.04109376117435,-0.990190230145202,0.413102879811868,-0.246943466948649
"59",0.968118862608442,1.70432877132966,0.0222884112803912,-0.800436691753263,0.26556674955887,-1.00303998100953,0.562909960896137,-1.30149611498372,1.65160339304427,0.031178013127821,-0.38282058606298,-0.0507229684092058,0.0831495791203657,-0.419942338703689,-0.472369572699926,-0.840464729411088,-0.568860456212102,-2.29263306177794,0.537465168586803,-0.722531372867825,1.30484974557675,0.480324373544904,-0.720387736555292,2.54417435684458,-1.39348386420579,-0.918919921191727,-0.242178189111945,0.68404081391487,-0.0649343812978872,-0.0636751981317516,-0.72421528542912,0.0646643781202051,-0.879085290513823,0.816726351798972,0.127463325169906,0.29965694387737,-0.305576167515253,1.01483770331069,0.898842496923892,-0.182565529984271,0.611737107789117,1.06293799245015,-0.00932500585024104,-1.04331945715349,0.970591457280775,-0.0221181189491721,1.40088609778467,1.39713854288342,0.537190527128914,-0.998368987592828,1.18467982274021
"60",-2.97413475911557,-2.32535165221654,-0.688068502288959,-1.1930440071341,-1.16873290755438,0.451087564261213,-0.725862433054823,1.81819714008544,-1.15188738946055,0.557264748145807,-0.257662647486686,-2.30162890306609,-0.591841401332258,1.15336742236789,0.152429689669874,-0.946715468661633,0.99830408594347,-0.246952627406658,0.198766183568328,1.49087268273293,-0.819693742044432,-0.391349435473539,0.28038003756484,0.601475071350791,0.171987607153403,-1.44821969301423,-0.661191009189597,1.83294579530608,-0.873966183168299,-0.438174119783851,0.166514190965267,-0.116784021252109,1.00426963212551,0.560335489192329,0.197341390293345,-1.77261462399551,1.34143389613953,0.262648781401621,-1.48959422324163,1.27710717843449,-0.0296217518020384,0.953123059679572,0.792276377685466,0.0904728461088938,0.366332300431332,-0.331397948442617,0.866787999216341,-1.02210043649927,-1.96210571570731,2.21617951519473,-1.58764193174968
"61",-1.61444483454419,-0.0857652927135122,-0.526948385759018,0.812040932336089,-0.60897266340548,-1.39818724270909,0.0447010881228832,-1.3102765501348,-1.25401977061859,-1.06505705363616,0.559481837773497,-0.680989358299896,0.969629003921461,0.239394414234025,-0.0543733700697282,0.426072690719623,1.40343511015048,-0.509941152195495,-0.297896351245755,0.34696536260683,0.383374367104056,-0.217258004763476,-0.239196882495459,-0.088397432944448,-0.613490439951486,0.689048303716935,2.71135752219011,-1.40901405377031,-0.864992651367793,0.214201900697077,0.328104710655392,-0.969358655902756,-0.193557435872264,-0.599569541837482,-0.874357307810189,-0.611237344987583,-0.145626322499653,-1.60011211456744,-0.31064171815292,-0.0862223195910865,0.453878976832362,0.644796795327858,1.20258130542675,0.429405115663071,-1.30708451877296,-0.398306138780365,-1.38229105065094,0.862171380052449,-1.12451000041273,0.494814438997114,-0.341829423554499
"62",-2.13012108209775,-1.42431575137743,0.255051181887344,1.4091506778129,-2.08943451948203,-0.254283300184515,0.000967399603061955,0.528728916411894,-1.54547834743528,-2.13967986420433,-0.628198305478776,-0.353645206040509,-0.279190358228652,0.615281066414659,-3.1354410413422,-0.593060732193964,-0.115395497546636,-0.0359490668344251,1.54927717006328,-1.21483154673082,1.24168658160556,0.236204304648186,0.440393861862884,-1.60276811520732,-0.216039413799074,-0.469202573436886,1.04579869757032,1.74006202256424,-0.451518472511581,-1.46131895922578,2.46844028839608,-1.49484357908904,-0.246550085896706,-1.08467805088842,-0.914053160309611,0.0601149259180364,-0.0326295526898188,0.530058356424221,-0.0443601292981605,0.443147110069635,-1.32334612035646,0.0167690826385085,-0.263726799681431,-0.176633795282844,0.358990365455309,0.671120859060891,-0.564588359330965,-0.645934736768011,0.701542164709022,0.810083617479182,-0.472922891170909
"63",0.127849468659591,0.276394866863224,-0.284014624001232,-0.103973922798625,0.0755414609324961,0.23032955057211,-0.63794609566352,-1.18472557812044,-0.298427442905217,-1.22008798614018,0.769664006310866,1.19285731192805,-0.558972554855872,-0.65951088017939,1.2734756580841,0.173974896965313,-0.398053034211912,-1.63505006134723,-0.571905398023923,0.435338006763105,0.307549418606074,0.507754691529993,-1.33999447068403,0.369732232588426,-0.0216378170243925,-0.126694120422986,-0.231676001363643,0.301492937033209,-2.17071715359968,-2.04112188986263,-1.14272556021175,0.583379561993567,1.78974169504,2.32659794384228,-1.04813150974218,0.580720507197393,1.08002775990344,-0.0803644643650842,-1.20425037149019,0.191810775392076,0.363843972757157,0.46059689811557,0.335485730237861,-0.980588887392114,-0.218113492938791,-0.24758644524608,-0.305515073065315,1.234630025074,-1.03184118607414,1.0971197081629,-1.40942178633638
"64",0.0270580061220933,1.20635907014174,-0.521109075708611,-0.502837225403919,-0.4171415692771,-0.941856318881386,0.417496482315786,1.81066012894182,0.567837228054911,-0.524120403410731,2.23580256913353,1.40456935965034,0.521847282650152,-0.993233377151877,1.51447692178927,1.58652219517379,-0.431487788898197,1.43779022752348,0.00909998130734093,1.18204846787609,0.809763397552917,0.735199396670679,1.41203512999969,-0.520524164790865,-0.415374742101691,-0.465585860600693,1.95370510923217,0.0143567412616444,0.477491962553333,1.60649559653006,0.560737510050371,-1.82667353851895,-0.329361388628012,-0.600617770735332,-0.75672569736643,1.45182187841243,-1.28385339019373,1.19608650005421,0.312033640720641,-0.0780926270562244,1.73670723174159,1.23187811557057,1.92112988561882,-1.15949812323522,0.664174179597869,-0.591737330712887,-1.90195641852262,-0.454769439416141,1.38061104814462,0.152963664906822,-0.705400945153896
"65",-0.234131671564958,-0.746437408252238,-1.02550859314135,1.64006266613006,-0.203385024141008,-0.0843056144666958,-0.796165969374956,-1.38451642404143,-0.374889078586068,-1.19093241810204,1.90898274117737,0.230712042166593,-0.363956011327401,-1.10995602451432,1.46143008237011,0.057392824602692,-0.44292836343293,-0.309756506938459,0.0358350977966522,-1.72150040711173,1.28637130822759,-0.567056740686838,0.947884888761587,1.05358382546936,0.34039745730431,-1.611942749617,1.03275807126704,-2.42432865106385,-0.0538372896682252,1.16203899888082,-0.00280123449374443,-0.0973734863254374,0.590825454878719,0.758644094488516,1.41830749154703,-0.61789212475154,0.900758299029491,0.229843472154304,-1.75797779577851,-0.848317854414784,-0.0114759751878909,-0.0791499657797655,0.430598448054425,0.626202277889373,-0.255585202387571,1.68329322704637,-1.27279567795691,0.232708528015698,-0.634054078064588,-0.0459327286565721,-0.578679953771181
"66",-0.185613072290465,-1.8637454430745,-0.322259841999502,-0.124822291959892,0.448312309775105,-0.911881350269979,-0.684770063185132,-0.141767674932621,0.658092407558561,1.81995342978123,0.0693695566070879,-0.907668793068501,0.678133784144045,-0.43077837375856,-1.69491780775692,1.51217250404676,-1.01771252046305,-0.0438284437563289,-0.205162391250547,-0.0229782025390933,-1.33089749574657,0.772330581049702,0.240355662829802,0.431753540417865,0.0283733172934622,0.590674781172443,-1.02232699829702,0.189473153227414,1.78794289923502,-1.27662635042253,-0.617690895624976,-0.213952932723774,-1.1140785261811,1.61115521635126,0.620796239973712,1.24660834026746,0.0836997189665502,-0.413082487516025,1.18118322629437,-0.85979742144138,-0.729165871061849,0.0700574041095934,1.82395913271221,0.29036284220041,-0.0358670511986907,0.357398479452044,0.616321876197818,0.0607687162298837,0.0885747335061728,-1.05634779709264,0.76761871585029
"67",1.69036405880557,0.576769045507709,0.581250594805754,0.094300757453757,0.097851020406808,-1.08169318594434,-0.0930334104156627,-0.903624450406532,0.765163930325602,-0.397479263579168,-1.48196007054356,-0.0190984787152965,0.93141575408742,0.900089552500231,-0.228297718692616,0.163855587627707,-1.00045912899101,-0.676952615371124,0.797083975891064,0.303193723618638,-0.220313737487773,-0.24929463584839,-0.903676575454568,0.111186407499991,-0.30903903873329,-1.28899280758384,-1.48287122237451,-0.377220443452946,-1.35458512649059,-0.354281008805984,-0.752972936235842,0.961098612485219,0.181829684207851,0.0876623314996154,-0.46047662788083,-0.736504549221807,1.868037451635,-0.427043859235228,0.105482502105341,1.18949123280164,2.1550314653363,0.0892119173985477,-1.34072672026897,-1.33861706996719,1.49260671676581,-0.671432417331796,-0.559047978353987,1.50406607724459,0.0114235806886457,-1.17400961062837,-1.2224690614881
"68",-0.876083146361164,1.2095218333572,-1.27076720534222,0.567656804157068,1.49701875093147,-0.978125202483804,-0.322683174519798,0.306095946994962,0.406545334119541,-0.0573990569760015,-0.614882132581433,-0.0785857746155104,0.359871703924254,0.739129435548477,1.46044054634256,1.18754141911043,-1.12542593644886,1.38536605399794,1.77429735073453,0.678355931558219,-1.15141104365601,0.975206825325222,1.04041064653597,0.14701729393407,1.97870001508779,-0.33924907716052,-0.376246203075287,-0.524502690283248,-0.00369811024439863,0.075895330927464,0.04909417999527,-1.00219929019135,-0.892364937257132,-0.683328913529258,-0.294363924418686,-0.0382127051852654,1.5950443035747,-0.194337193529513,0.196950273541858,-1.02743079452122,-1.12969992615135,-1.19001050899864,-1.28618024240297,-0.119901736396034,0.802974323901521,-0.362052267423276,0.375044487222607,0.127029247199513,0.468594349559483,-0.71875548296452,1.45316152005973
"69",0.484443207117764,0.243697821176732,1.69997216009099,-1.21619859162451,0.471167397357982,-2.29199605074213,-1.00099806561605,0.269864133231088,2.30723169437806,-0.700111426333897,-0.957671962354863,-1.36857518763527,1.44619414618007,0.250318387735782,0.181886827728374,0.677299237265678,-0.805375213067724,-0.207108148827102,-1.27833730739078,2.00138297485296,0.654696447941349,-2.2492810371756,-1.91066897753709,-0.464082175556277,-0.104783011334328,-0.550406746689661,-1.95550161197737,-0.0342721308024153,1.74472471017154,-0.248125816788324,-0.414119089494899,-1.42509391622953,1.31723449419766,0.751676630277758,-1.53438633932052,-0.464310480413224,-0.109402212052363,-0.936772577163927,-1.45878040018078,0.428325141090862,1.07070220747958,1.07758734699603,1.44551671595319,0.501720443339637,0.272061034360377,0.327213157821436,-0.349469646947775,-0.310464939673084,-1.71615943033155,0.264874526586687,-1.59631225090641
"70",-0.734726252597205,-1.38227887555163,-0.0681469854753574,-0.662161268234085,-0.507694709002868,-0.105463866417838,1.22504730202771,-0.297610875232927,0.952824953614459,-0.715012572516304,-0.5803419277568,-1.04475079282368,1.06928849701069,0.347767970945697,1.09181326086334,0.274706846959165,0.773107034184835,0.352954352742056,1.83995147146592,0.452676295746971,0.159768451321209,0.401407412589523,0.527086006585925,-0.275794075213005,0.650139559758539,-0.962226108901753,2.1222674273873,-0.103008239652249,-1.7898969874047,0.91665390705514,0.570810508612821,-0.792613139269043,-1.73889124119498,-1.33951412543164,-0.382009871035393,-0.110292639125301,-0.646023882051877,-3.29913770524213,0.81111941174625,-0.133612262001099,-1.58942584310829,0.915361809577519,-1.27366244325536,-0.328575883579171,0.810986752322032,0.29356031296472,0.971214355293256,0.739203040409766,-0.600251282916196,-0.615283408382699,-1.71356738021201
"71",0.0324579735449409,-0.170966493596599,0.152967910955917,-0.631138553936009,-0.372227142353026,1.5198720624699,0.709328947836859,-0.36388600616961,1.67927192497337,0.240954499169636,1.17847396901333,2.74158523235295,0.575359530176472,-2.28851332916992,-1.14876994734993,-1.27329297148457,1.76530339101227,-0.394005374161612,0.865142292058957,1.95475652696148,-1.16013344684247,-0.198679102565814,-0.535774949116402,-0.17806829647918,0.236209070555699,1.77697600006339,-0.156683991756532,0.524676316838209,-0.428543311806466,0.463933916547813,0.194787839708772,-0.204948844639735,-1.93400366101306,-0.285336342955602,-0.432675225510786,-0.862990124344774,-0.107340644581,-0.780598114694743,0.491675633206493,0.230091516004038,0.848765812336787,0.314480175609224,-0.800676666850749,0.568898103145741,-0.653088478114995,0.86048033291655,0.0106923922008858,0.714482615072036,-0.129130386879994,0.63927489909535,1.7572845625397
"72",0.321396744597624,-0.923852236722636,1.28748746554336,-0.703336293550317,1.5310935071485,0.0201117753878473,-0.361818187446212,-1.36829089614246,-0.453236886050633,0.466525302721773,-0.164018673156417,-1.28328537936953,-0.626631613490567,-0.737864127491371,0.432833934005829,-1.11060048952517,0.0892091512293976,-1.24514794770215,-1.7740834539394,-0.790136601450584,-1.51801679127367,1.02907681394913,-0.645663672855685,0.643384775603863,0.574156196664481,0.862858286910185,0.446007597771178,0.603070480987613,-0.0876087427058821,-1.41504313388692,-0.0558292935831964,0.575834174764978,0.197334450717523,-0.157380854231426,0.355453451006181,-0.807440511134608,0.0731082501225867,-0.809498139296582,-0.375078775315463,0.498065130981936,-1.2467034322518,1.78734925680704,-2.12516543968178,-1.61651413685096,0.754638325875851,-1.13855850330027,-1.77847747663115,-0.616518273524701,-1.22989610556128,0.69417134867179,-0.504257943515295
"73",-0.764629005622466,-1.16131175510693,-0.00905781036272802,0.668274678822205,0.263825256311818,-2.47073431248215,0.432138655775484,0.932077453626115,-0.670504765512403,1.14326244028479,0.843567984162866,-1.0230875737885,0.580343995202273,-0.228948408138052,0.668127616864701,-2.99890744121177,0.0503819016296064,-0.0534547388073754,0.138019847057454,-1.3346223176587,-0.852877055944552,0.855194796705431,0.983758338012368,0.256470680359618,0.986009152026964,-0.197303593230751,-1.37740755735601,-1.1701802362373,0.205161852483609,-0.57706389050262,0.614018117402087,-0.66215321144073,-0.522190996475695,1.86561238867032,0.0523299881932966,2.0728217865012,-1.57649516380782,0.239890641515071,1.50162128971224,-0.789289162312726,-1.32423170441496,1.65988982215838,0.2449893722517,1.16055769078497,-0.135878496936088,0.953140781340215,-1.07681635635192,1.07005466536092,0.12558611789436,0.411529212776424,0.551245522855432
"74",1.35077795214303,1.87068905949286,0.770685014845774,-2.21685187779908,0.377503921021871,0.668310732308778,-1.16739784192575,0.595884758461519,-0.936985930060682,-0.740543851757232,0.0415009878762925,0.827626006712771,-2.24459278950503,1.20566373246747,1.42746586862908,0.0356344072211776,-0.126754344947801,0.534059028604537,-0.289837325367525,-0.858035622470426,-0.869516881827514,-0.415907102425513,-0.909360187000192,-0.826054299466607,0.942497180552618,-0.54268074244001,0.259505984438031,-0.46109451122376,0.553328306949541,-0.677959866446916,0.906176858818605,-0.571637819463174,0.0194882647319991,0.751331073295665,-0.252448845280921,-0.196826099670543,1.08105089950006,0.51082157271831,-0.449355546052436,-0.839198131236427,-1.30895024072924,-0.947827519576994,0.660886144363512,-0.0470482137274015,0.230111915361204,-0.521243934819079,-0.639037444914887,-0.0945913747280008,1.23614824750826,0.736205896239984,0.712043758943577
"75",-0.798400308029664,1.03837460701488,-1.72847577124468,0.32940763064609,0.464374178921782,0.990844510525334,0.518416358153922,-0.348680851520139,0.280160520226587,0.943453199372933,1.06662029727522,0.714868915109369,-1.0312322655858,-0.618626954516107,1.38495939513786,-0.390434856317081,-0.915801994928249,1.72194123841984,1.40976728951207,-0.10553535987048,-0.790205164465145,-0.900601586031005,0.159053812239285,-1.89537058541036,-1.60282651163854,0.363790070562274,1.20039707233604,-1.57197288044728,0.795417851555526,2.18826859563252,-0.83717997169183,0.591949220715485,-0.0418059827144736,-0.54203405610662,3.11921795722026,-0.3806199013134,-0.858122302560413,1.22581204067847,0.624686162220127,1.57514365580557,-2.46849502642162,0.522475800010634,2.55282073819055,0.293443526284722,0.465641012917849,-0.0845205732462223,2.30268342508128,-0.201857490385949,-1.81622733015948,1.1283755635491,0.00936993480968647
"76",-0.98082017573173,0.625625160927082,0.430873739753289,1.2799338352874,-1.02423952699337,-0.508255346327744,0.470117235187426,-1.73186168031423,0.628709782094358,-1.435371346271,1.37628370588129,0.156897626435148,-0.234849082778132,-1.76835741485586,0.408550538212659,0.297124884187164,-1.55739293239329,0.918689964205638,-0.927542993921602,-0.0145071762809881,-0.32698333197466,-0.930541435568181,-1.12920183002159,0.636704715716933,0.152648672949334,-0.458436974876005,-1.3578578033796,0.159555751524892,0.676167890198561,-0.0475555208230928,-0.541793143615809,0.361293072157017,1.43111196138183,0.100793378832208,-1.54077828455495,-2.39196730783256,-0.123683560122895,-0.215794860192719,0.895968508756585,1.19661226160214,0.595898808438476,-0.0303963261460164,-0.343364464109979,0.529211835759721,0.446565491347856,-1.50115767147034,-1.45878709302943,0.18341853112974,0.286979408630648,-0.289395933656428,-0.167689788619492
"77",1.1451520932841,0.521256859162914,2.41121336571496,0.0654320966469012,0.976715540218298,-0.6249948819588,1.07617641539236,1.30902516004894,0.721244320185328,0.350700201884009,1.10639797815384,1.29986157571299,0.261588273733403,-1.05477083615294,-0.345430951863552,-0.184934561152866,-0.573358002238579,-0.235410172723146,-0.819061789151195,-0.661076220114862,0.815532349864155,-2.01683799292236,-0.32486229664208,1.00854541130191,-2.43373822219629,1.35837596332766,-1.21238694842974,1.53806585039593,-1.86188309978304,0.38733716553944,0.376108475664565,-0.33657320783934,0.239590878078158,1.12711726504457,-0.639249740566674,-1.31593139338812,-0.643314147332495,0.866363512985005,1.96480813593431,-2.17257601528843,0.943898803427923,-0.647900054163813,0.995996397559988,-0.494444282243249,1.06044975882373,-1.56496925061908,0.244612372931367,-1.31348729613482,0.445062084662223,0.127669609076608,1.18828023560885
"78",-1.41809575553128,-0.947975654055108,0.352173217158826,-0.284795774380079,-2.24573228695575,-0.524752258339279,0.377724359759779,0.434246739720042,0.738699010508075,0.224533575753116,-0.107659643718641,-0.933523109855929,-0.0430179597085115,0.746557489897057,-0.974008122400268,0.552506921984876,1.8191791936941,-0.3400828989082,-0.819410709743535,0.756944659351577,-0.610525969492753,0.87293045327381,-0.992374074624404,0.662044194305427,0.762819281719012,0.961569302435671,0.112682607032221,0.58191800235588,0.956563773498411,0.388497848067842,-0.479577616598169,-1.30543616377299,-0.338737735474007,-0.432769753065985,0.852657539669107,-2.26458323264952,0.0534860320092909,0.74948677475806,-0.0415542279276562,-0.891828645515165,0.237393694542688,1.54257159349206,-0.463846591214703,0.717699789717598,-0.871679725426513,-0.0646789253339663,-0.307846755251278,-1.64459233208543,-0.088907815364132,-0.938958273855703,1.67741224245648
"79",0.0802927754191713,0.207270740436638,0.168055009059712,-0.976017886244909,0.570643143311523,0.0476878250754028,-1.47948511687114,0.164161300013226,-0.778819576400643,-0.147579302335571,2.19980508413366,0.778879704279206,1.71639248530688,-1.790828789824,0.103138893305454,0.0378261105502008,-1.39210525208792,0.0800171771057266,1.30283672093795,1.08732932456463,1.17515424517109,0.87127722221528,0.652042148771617,0.135236624895381,0.420701190340485,1.03485621807439,0.73038157832459,0.335912685667646,1.35906083400552,-1.25684971233129,0.373142662440134,-1.47070268543719,-0.68099745050469,0.41833415118516,-1.40375056479332,1.60449628883627,-0.46762746467682,0.408542491170043,-0.110188502844089,-0.434409789301713,0.873149924731756,-0.730479607885708,-0.187247666844292,0.69632298164142,-1.67367678682466,1.22326162452726,1.27902203972258,0.113059711283847,0.925784527694654,-1.10622936427286,0.00472398295619612
"80",0.106917179897179,0.69618708919581,-1.84025974778906,0.557332142369293,2.10631645166922,-0.0563757751681256,-0.00798014930631041,0.0345279373536601,0.480814901710467,0.564654545942113,1.60344074548318,-0.0947417006623112,1.10931960822609,1.08159703051399,1.25133333222885,-0.924606782867171,0.656513224197899,-0.894403847175375,0.179610202513623,-0.105057577162614,0.256589148590347,-0.846534655664525,0.27297263613619,0.172537144320748,1.4977546018529,-0.389903281010662,-0.526667040750295,-0.556122967167336,0.54077962666733,-0.435622976216193,1.48916014805356,-1.36182788776427,-2.0463436865079,-0.92360857167287,0.931458019625491,0.935607048285375,-0.797260396960299,1.0380569413621,-0.203642285882477,-2.00481800494377,-0.00132614018816321,-0.591465516997142,0.0521370786749854,-0.375094862612428,-0.151713418756778,-0.222875001935136,0.259287882150456,-0.039601768387589,-0.465872850317173,-0.821209831927992,-1.05757929949117
"81",-4.03769009326841,0.358997766426837,-0.946335114618011,-1.57415323779758,-0.713489073142343,0.0261304071998857,0.56551466744738,-0.644413826376261,0.00849365321811508,0.971203469054558,-0.36335494822185,-0.665104827867922,-1.59819826470397,0.232801274107622,-0.474493214525761,1.6743129618579,-0.189267781913523,-0.722781619499229,-2.63207463190906,-0.814153339300238,-0.132366722629895,0.647636779539871,1.04796680465317,0.312847158886601,-1.88605284332971,-0.301967580599681,-0.726531150306166,1.45518933526325,-0.384033271316472,0.23469377261279,-0.459245379445931,0.076813212576953,1.3930389461909,0.71341650749457,1.52382228824031,-0.617761297812761,-1.79110359211886,-0.241865649844957,-1.18135030899432,1.0197018525181,1.63927943163485,1.51695827293091,0.238068524323569,0.227266559880801,0.17453046398185,0.00396708850366576,-0.964203524702265,-0.504639109257444,-0.216142556194602,0.100709894162201,-0.465717473510461
"82",-1.16274630862717,0.715819760601739,-0.0932298405371403,0.22576704983238,-0.327467566471519,-0.0905038175378843,-1.29865150121507,1.09807178313372,-1.22821401586786,0.150729890660326,-0.737809104103519,0.700493687927442,-0.0287339428509686,0.311607119220604,-0.134583480511328,-1.28620800794453,-1.20760760284726,1.613126686208,0.0184947899100797,-3.10801808143017,0.336437463878578,0.769657333967155,-0.0382345167192112,-0.267332129094726,-1.15932668222213,-0.831898574320998,1.3394617497332,0.105531211502975,0.777755897988696,-0.87395374517385,-0.871004407968392,1.47190886877837,-0.273387922407521,-1.55538467060364,0.345050786265803,-0.0486951500498274,0.301047531906193,0.49339682713231,0.839254089193775,1.27986251039691,0.470672779273952,1.03409627655472,2.38414476125261,1.03481917625393,0.738337868328806,-0.336739291713814,-0.382708758475551,1.46529641724105,0.0185816851934036,-0.995226922024613,-1.07754889317599
"83",1.29704638797213,-0.493003597718976,-0.44561162543562,-0.884494929549685,0.158059323731482,-0.0955766647250244,0.166139417164438,2.09162494417765,0.163226362168658,1.01477182639339,2.2070258505308,-0.769733326675758,0.513561457696383,1.06542244491086,0.0682674428103021,0.258128604487616,2.31787621408633,-0.650780685368216,-1.48180731687048,-0.257381741867632,-0.995134822355165,1.43520323448549,1.26855720855048,0.719121500598993,1.14660764336606,-2.70565450074783,-0.621198964468248,0.702504621188451,-0.550036044269449,1.84623253575032,-1.20481026484977,1.43988790961556,0.372805169739145,2.21951910802935,0.193660829675891,1.87479597774952,-1.5163612436115,-0.95122294343939,0.0452952692010725,-0.542117737300871,-0.817715610774618,-1.30726578214422,-0.521303892410372,-0.869972178105623,-0.181087393281597,0.569270041240557,-0.617720087367474,0.0349468018633163,0.892831503103707,-0.356352263128169,-0.496011956945956
"84",4.58650429107069,2.00219969035933,1.07308649242548,1.75851443614609,-0.77340840708527,0.565294049896297,-0.341115107210609,-1.04144411059436,0.260432058120248,0.566756350258473,-0.0794772724529008,1.85480736297316,-0.316847778046085,2.33223194149164,0.645966641275424,-1.15925225642691,1.25328072182079,-1.62296130535317,0.623187278519934,-0.815660013624457,-0.615300560485172,-0.428561465971103,-0.000275227192565142,-2.42327828596807,-0.746678189952778,-0.524022615616449,-1.94618688351944,0.103439339821348,-0.22163581661915,0.528331149158431,-0.622548451351499,0.187218380765686,-0.215165778366643,0.841646839254199,-0.237399330460735,0.23426840787974,1.30226770632532,-1.63640410043272,-0.0914364851725492,-0.175622431857506,-1.53477276428456,0.763214297774855,-1.03101016757662,-0.0195848488022869,-0.534367673438256,-0.459073052925528,0.0929355109411727,0.0123779534350845,-0.212828534692923,0.135868022334186,0.14792431856631
"85",1.62458226089734,0.651299361014929,0.761669954505469,0.743083049708171,0.300135007584528,-1.53377122213064,0.612620046533473,-1.05462389683342,-0.148180940032238,-0.558703698530621,0.838967259494986,-0.701614904598077,0.245951852472035,-0.0302063976750619,-1.27805984558646,-0.0962515863558531,1.5318294323598,-0.516582296669318,2.23244238600245,1.07609493955379,-0.162998587991045,0.393139737060669,-2.05215651045438,0.218886514860063,-0.544746855513033,0.865304473380304,0.310464002973188,1.68121477385659,0.573140051324634,1.10393835171304,-0.905130391371127,-2.58231951460274,-0.239977100129858,-0.0506372827355276,-0.577217431676638,0.14860593146925,-0.233304577788434,-0.655919142728137,-0.369179406185169,-2.03505047047552,-0.828270192321083,-0.107620477650957,0.347807151455654,-1.30344725458951,-1.45153134130353,0.761384909109989,-0.042844074506509,0.257330361171553,2.24922867658728,1.52661309111948,-0.825249232452792
"86",0.975991793657009,1.45497186049446,0.0308377685762028,0.4328672884566,-0.376894844975648,0.291285596175676,0.125995599092547,1.25825311736156,0.800945413045985,0.836895622058178,-0.408209909246969,-0.187539362933941,0.0219034368333806,0.442311857693716,0.778251146726061,-0.202753212769018,0.627402520119086,0.839893828139806,-0.530322467898186,0.82792259280772,-0.0983177922532626,-0.587565073201881,-1.37785887747173,1.42789467063345,0.6958995921923,-0.154970444842577,1.36642672248702,-1.7111388757991,-0.776835775077358,-0.955161146726139,-0.0932774525519175,0.813795380572398,0.407269769694898,0.305324485873606,0.506046177981261,-0.140066900062221,-0.703859254804474,-1.08315232247896,0.780158959848653,1.80083608104678,-0.324619063247301,-0.597958106079807,0.217634864000561,-1.5528014287058,-0.458593948376755,0.029934268608998,1.0001816039745,0.298532054644576,-0.703970531677078,2.61702660412909,-1.77057774770937
"87",1.59289310166395,0.382913310984272,1.39285761005302,0.159388194799293,0.70980029096375,0.902251917892324,-1.50548396039682,-2.66579715483272,-0.590804185198977,0.806630369030153,-0.131418358720437,0.185199104269639,-1.86249661586462,-1.25501559532212,-0.0199758164988963,-0.595659980556293,-2.19161920613084,-0.668695612897558,0.0982592698682202,0.0880202465420372,-0.63274822960259,1.48371268263402,-0.272522102325195,-0.279610372207796,-0.58288665751888,-0.241151367793471,0.341949970200421,-0.392129398303641,0.288931810704203,0.194087367719054,-0.663278296425269,-0.0520509265371596,0.85902094559649,-1.33036193315677,0.859761760906193,1.0054812604649,-0.83563944762609,-0.871553400907561,0.396625712399238,1.03037328067942,-0.663250179163681,0.861171104603103,0.446341270840344,0.123918549483519,-0.384420548257895,1.78139494650873,1.12358159001894,0.00121046372850356,0.484120145415771,-0.460980049012791,-0.285703807547559
"88",1.98954409966483,-0.496218964200885,0.325232148262914,-0.674702867345243,2.08804430866697,0.209412802980489,-0.0372979492746452,0.33389106708738,0.731585380396937,-0.595394618021142,-0.126066039124726,-2.27861271086108,0.88230882738932,-0.398904227960179,0.433624783230184,0.980778750257765,-0.00300242613465324,-1.19704219124397,0.186893334637272,-0.442703059128556,0.47182693355535,0.364527901529887,0.746680654326272,0.269885541196857,0.766479703343001,-0.438469688256628,0.351562510045422,0.474113818929205,0.390416216908732,-0.00898823605661794,0.823465895851172,-1.671872868411,-0.964871094511036,-0.740402504200324,-0.203691848736699,0.983364270712271,0.655876533547266,-0.257705839408549,-2.89389204803464,-1.26360626038769,0.807628063707687,0.660684496088463,-2.40385727434532,-0.0384793515827139,-1.99315000283059,0.315912941662891,-0.0789483675465299,0.172899072947633,-2.97581373800805,1.07795461607814,-1.28550506420104
"89",1.5510122882079,0.26134248080048,-0.213734652806278,1.09218967000797,-1.45304564406183,0.233450002235361,0.677147210776394,-0.209251577461324,0.639599323052214,0.683283490037141,-0.496469076875326,1.76999223736145,1.07578650190891,0.882601897820263,0.144577661096328,-0.81258127999874,1.39325349806011,-0.44471373851563,0.2460175696263,0.208195424133689,1.09208347718643,0.334985761660735,1.50574078033639,-0.917174770460347,-1.4612288578348,-0.775203475046912,1.26347458526588,-0.153641295851824,-1.25823922893641,0.766039183777143,-0.657070163933224,-0.603031468731029,1.67999305963406,0.558709761901272,1.04107109668894,-0.0768605317407504,0.791624338794249,0.890125452223489,0.345199458416755,1.84025986171614,0.054596254247483,0.361085583989105,-0.977674990230585,0.433048812852867,-1.07436514649114,0.193247833108346,0.0259412110240695,1.38197483326923,0.140427920141641,0.962570710403669,0.578339634279547
"90",-2.11739318748864,0.520011516552185,-0.541360678838904,0.860284848239259,-0.652962905963017,0.311039150560283,-2.4054604580157,-0.185426098500845,0.889623121507809,-1.94848351730234,-1.10125594554535,-0.451529997702003,-1.49305302490277,-1.7808580012283,-1.44313111813739,-0.0997559395525396,0.0719965648293296,1.26065188355251,-0.453106084651665,0.329434139315259,-1.03926505255198,0.284456097586173,0.604922985494104,0.146190655564059,-1.11268862829909,-0.440116236356119,0.33968820535244,-0.580895974787267,1.48960508994939,0.394971530404368,1.97549443647526,0.318209543617621,0.219085670831913,-1.45817275820615,0.557052997019005,-0.461358775054605,0.652333729340085,0.503231282548897,-0.298228349529667,1.05558713642819,-1.14054755911512,0.531943520152,0.52943031405511,0.270258452172137,-1.73871568953926,-0.000699361556790887,-0.594132410298363,1.79178698399799,-1.19072762450143,-0.171246309350556,1.11279376890678
"91",-1.72193005115607,-1.08465527649779,0.492750161121641,-0.409799384104195,0.600603196765418,-1.25892695905029,-0.542714697716739,1.57620562316005,0.421804573551692,0.171735458310709,0.32791389329929,-0.310528314947268,-1.22707149627399,-0.944103447160595,-0.520447415889176,-0.72071010160324,-0.303467173194484,1.2686513961907,0.127527498051997,-1.23068736257214,-0.362130589327744,-1.93237969420106,0.573983516961395,-0.592009875421188,1.55697138334311,0.218034208406005,0.561343283049202,-1.17729034883333,-0.53518638673574,1.04404501791308,-2.43579419747287,0.875321578860754,-1.17591192632828,-1.13296278240686,0.137286589877986,0.241439518377159,-1.26210122821079,0.206569028715365,-0.490392644712621,1.24671785538082,0.731579773466846,-1.08004660324991,-0.923546794764277,-0.380402588813049,-0.964442593436069,-1.28948652771904,1.05998149074502,-0.658300451665724,-1.16098827473783,0.433395488618493,1.45364174809527
"92",-0.193479783509574,-0.987036223457937,-0.544300820728916,-0.716166033289276,0.291450334671865,1.01772097285713,-1.26436385647216,-1.79203247786238,0.833672710552519,0.277375700323729,-0.040663500933564,-0.769348432940059,0.093995960177119,1.68648911027748,0.214800602220073,-0.599915996725626,0.484367852379876,-0.505097657802014,-0.50094611416034,-1.54309412436535,0.765164897620331,-1.44026349341755,1.47848285249378,1.55801687209311,-0.982216142544173,-0.804321810529437,2.02138000633198,-0.872026143539119,-0.60611009175843,0.0962548427335732,1.09857386614035,0.46974207018497,1.10100715796656,0.559338477139189,-0.789140204554371,0.569020914184278,-0.597042138605698,-0.691194409183754,-1.22283267035804,-1.23257850095003,1.03741362558859,0.219975621408954,-0.453222381627127,0.633035504881203,-0.223977539131637,0.171007874124355,1.05368184994568,-0.332767493799995,1.5204017978533,1.66408225060682,-0.88140047894918
"93",0.103162921471892,1.47277683811231,0.733319684348968,-0.154634413218824,-0.0986098649974709,-0.219946994623405,0.676431239248686,-0.234770221501538,0.665471415373009,0.150846626667576,0.384486395666161,-0.104947715066561,0.380853275683999,0.697873880059848,0.920757217043614,-0.192744858160243,0.674220758510362,-1.58327431816941,0.421602137177905,-0.584806657955715,-0.247990470568569,-0.593561314040828,-1.78112194150865,-0.246222527690399,-0.474412757901807,0.846261192342833,0.289417220129797,0.395345077918168,0.250040257348605,-0.249111228338475,-1.43037165512879,-0.643806457358455,-0.461665375518462,0.517336403325482,2.24887353785718,2.27312589887349,-1.36981477721097,0.112846429370027,-1.44290800638997,0.487520819025221,1.43789541733097,-0.130890359723053,0.804624305415609,1.13164682232045,-0.221118981394523,0.380770552308427,0.43664956286214,1.00900744472134,-0.206756154636922,0.665933751414596,0.363083474167439
"94",-1.25502426844123,-0.571453262007737,0.252873821191456,0.478446089363436,-0.60009127780738,-2.22176129950371,0.595850426264185,-1.31235135803598,-0.846793550383244,-2.09081026287853,-0.707316201260101,1.83949593020596,-0.127179270777132,0.391826323690647,1.00664843638384,-0.306885284233702,-1.45317691928403,-2.80358217493993,0.655921745642726,0.702831206302547,0.429262092161211,-1.67114360807304,0.856625398820765,0.65937923851207,-0.988785294193784,-0.511755739345494,-1.03662836411521,1.41728498108784,-0.000647258992397887,1.95905154960301,1.53445906044995,0.909509601611669,0.109439390848965,-0.605108085700813,-2.44834310421622,0.175449595882014,0.438977982795729,-0.890621247979327,0.976501491977825,0.484073504514976,0.1087824855068,0.282708597947703,0.262525529467752,0.740927824005869,0.356750105816155,-1.12038848560966,-0.23414041618166,0.182870846815373,1.19228410656211,-1.40430245605878,-0.545088972506185
"95",-1.15019750784599,-1.0996647025422,1.25092952967677,-0.999237646185993,0.0484780232467039,-0.203690771752975,0.888582082752682,1.40116418734786,0.226449496454129,-0.368260303232746,-1.09101195343059,0.875736031501622,0.0610210463243348,-0.46044352473754,-0.813378941315006,2.85828873125611,0.633858710855966,0.156795712943093,-0.72389033300241,0.134342802698437,0.621503628867355,0.501333103651836,-1.17176608081286,0.426740908857794,0.0615785199504278,-0.4954647639953,0.239908396096554,0.286351474156239,0.337283194890109,1.13212035971958,-0.598487406080183,-0.614232807566103,0.875467929692343,1.31469921208142,-1.27434025699072,-2.00331378954895,-1.29352569398998,-0.321909284856063,0.699046690186715,0.444431644909555,0.301416984278234,1.38507181708713,-0.904365391848707,-0.231823483113005,-2.00952470371454,-0.372488400705209,0.497721786221374,-1.03357980141101,-0.489522720124427,-0.709671077812079,-0.222244218437891
"96",1.24777162526154,0.396629296175958,0.744828300868562,0.246634787060331,0.0488623430348375,0.306225625381715,1.48530740060575,-2.05000515884361,0.0282613066707644,-1.02393445076313,0.138133365165575,1.44359901498909,0.00653578102517235,1.46331367026268,-0.15935681534514,-1.06903106335401,0.354102219243615,-0.125241459093963,0.0843776011161393,0.339801153459728,1.26663068211207,1.38321770298698,1.2581898795751,-2.0975054988114,-0.0480678837017623,0.0154082884600672,-1.33354013782601,1.46014256438398,0.407856826486267,2.67250130049669,-0.637902092693168,-0.36754545225544,-1.34889206087801,2.41181471458515,-0.704152153966222,0.443824760394347,0.72085945904547,0.191797579795876,-0.0966316878327403,-0.6992405137253,-0.302913090361043,-0.182287560386861,0.523270051463118,-0.57296735160396,-0.461678914021513,1.24646615348042,1.82498273698858,0.083645461702578,1.51773299934982,0.302050785179208,0.16148846745011
"97",0.132425929934201,-0.673024100983163,0.796672208895014,-2.2567836569001,0.438327903193716,-0.778239981877703,-0.266706762130484,-0.549362776529546,-1.48148178012715,-1.16477535884715,1.7730668309834,0.166003195700674,-1.24936407629465,-0.878543938513519,-0.530846403224332,1.03257539179014,-0.715644972984341,0.557040317792066,1.33964380153772,1.34968324077409,-0.961995927784028,-0.0852951699677835,-0.95222896163162,0.483394447072118,0.618542552126656,-0.447410408964438,-0.741019395637185,-1.0771897696227,1.08378151928774,-0.621160729717674,-0.293269856764802,0.424286146829679,1.23633736711996,-0.809476107725445,-0.249057083265753,-0.688268950683086,0.298472231502643,0.777844699347138,-0.431010620102456,-0.68067471132148,1.30145142316353,1.73941242688833,-0.51570269271262,1.41738845448859,-0.79425037272741,1.06419946132634,-0.637537311855333,0.700451786307239,-0.195363508598912,-1.79343981532518,0.542574375813109
"98",0.169590516065845,1.71568110473406,-0.483367713807386,-0.618607377570058,0.0945901595517438,-0.902244187744615,-0.240647300184599,0.233060865897091,0.0122737094305915,0.0406692809547238,-1.33700363743215,-0.746960532843667,0.816683307239948,-2.07268776895517,-0.461544713485988,0.201536221191199,0.405396139005817,-0.87097022036119,-1.08176316263952,-0.922776711748648,-0.721328757402008,-0.0766893309140161,0.0947372676992505,1.73277376891667,0.826234318274738,0.977919235001588,0.597363140075889,-0.0711083684262597,-0.510276790776522,0.0398765090971492,0.525682668923243,-1.4658844270397,-0.419772796064678,0.296897209656085,1.35207955366331,-0.848269930173757,-0.405636884125944,0.667771357472618,1.2830936399255,-0.0619163533968565,-0.384306893199702,-0.885770793409158,-0.331343358253155,-0.457289535496828,-0.648486229211148,-0.309711883065844,0.807407079740904,-1.49751973275438,0.692958608397065,-1.6683943709551,-0.502179512324441
"99",-0.244200042893618,-0.758025828615736,-0.486538887265768,-0.771418757623756,-0.25591643403835,-0.0725254266729809,0.899405136715876,1.06327030537083,0.295964936117875,0.449206026746434,-0.338993610199673,-0.271966673259631,0.315235097276701,0.954607004052388,-0.463180367941779,-0.622184650745806,-1.24944405412853,1.38860026390674,-1.56211979503498,1.02469091742656,0.0631743706122135,-0.0319597266728787,-1.15411457748048,0.623724694327995,1.1561982414953,-1.06547135628468,-0.110698957776413,1.63245170448415,1.73983156383602,-0.448699494094788,0.205602691920235,1.81419749195362,0.164304626106575,-1.25626849190212,-0.549196584745994,0.320867645419685,0.257236520001744,-0.0770855162646834,0.464039803909629,1.4153373097926,0.0275668911987871,0.0360956733097074,-0.518355337536377,0.281093631966829,0.304662128842271,1.18836716826954,1.40724323448304,-1.72654902151201,0.419345391593003,-0.0537918469161022,0.0961021507610174
"100",-0.458840063336693,-0.843023145445363,-0.0315731690797432,0.547567142873793,-1.63810476195651,-0.298383037244317,-0.464509462809484,0.545404413635879,1.92371661317623,-0.544453748881335,0.472486279489113,0.321576935432333,-0.589891365361797,-1.82704950720127,-0.762039309533763,0.167113299114701,-0.756973457203107,-0.31683791537426,-2.96610134584786,1.3034904786292,-0.803343374564698,1.66655014741246,0.563845322921503,0.296314389729664,-0.968103115568486,0.396374207511179,1.15404199281964,-0.844182742006673,-1.69118135597384,-0.301164926949732,-1.16014876793694,1.43864190767996,1.54521513310057,-1.08594189610113,-1.14333267286418,-0.994147832819172,-0.566981153148141,-0.647080556098721,1.05753273776162,0.0428772456921009,0.0655876674417094,-0.209252247619636,-0.732064629332674,-1.24374913928707,0.34458446839697,0.336726754508262,0.0269588879910267,0.206475884698863,1.78215428705556,0.0889171597576158,-0.325841461166584
